      timestamp ;               name ; ID ; HRT ;   deadline ; aff. ;   duration
 89560031842250 ;  RT_SDP_bitcount_S ;  1 ;   1 ;  189600000 ;    1 ;  371049068
 89560406906862 ;  RT_SDP_bitcount_S ;  1 ;   1 ;  189600000 ;    1 ;  371095863
 89560782018461 ;  RT_SDP_bitcount_S ;  1 ;   1 ;  189600000 ;    1 ;  371646731
 89561157680117 ;  RT_SDP_bitcount_S ;  1 ;   1 ;  189600000 ;    1 ;  370978335
 89561532673526 ;  RT_SDP_bitcount_S ;  1 ;   1 ;  189600000 ;    1 ;  371998278
 89561908686593 ;  RT_SDP_bitcount_S ;  1 ;   1 ;  189600000 ;    1 ;  371894404
 89562284599292 ;  RT_SDP_bitcount_S ;  1 ;   1 ;  189600000 ;    1 ;  371365235
 89562659979670 ;  RT_SDP_bitcount_S ;  1 ;   1 ;  189600000 ;    1 ;  370708688
 89563034703804 ;  RT_SDP_bitcount_S ;  1 ;   1 ;  189600000 ;    1 ;  371455688
 89563410174325 ;  RT_SDP_bitcount_S ;  1 ;   1 ;  189600000 ;    1 ;  371355672
 89563785548325 ;  RT_SDP_bitcount_S ;  1 ;   1 ;  189600000 ;    1 ;  370727333
 89564160290737 ;  RT_SDP_bitcount_S ;  1 ;   1 ;  189600000 ;    1 ;  370768789
 89564535074835 ;  RT_SDP_bitcount_S ;  1 ;   1 ;  189600000 ;    1 ;  371448193
 89564910538796 ;  RT_SDP_bitcount_S ;  1 ;   1 ;  189600000 ;    1 ;  371170692
 89565285724734 ;  RT_SDP_bitcount_S ;  1 ;   1 ;  189600000 ;    1 ;  371033636
 89565660773522 ;  RT_SDP_bitcount_S ;  1 ;   1 ;  189600000 ;    1 ;  371730712
 89566036520251 ;  RT_SDP_bitcount_S ;  1 ;   1 ;  189600000 ;    1 ;  371236140
 89566411771130 ;  RT_SDP_bitcount_S ;  1 ;   1 ;  189600000 ;    1 ;  370433848
 89566786220111 ;  RT_SDP_bitcount_S ;  1 ;   1 ;  189600000 ;    1 ;  371527525
 89567161762728 ;  RT_SDP_bitcount_S ;  1 ;   1 ;  189600000 ;    1 ;  371097786
 89567536875950 ;  RT_SDP_bitcount_S ;  1 ;   1 ;  189600000 ;    1 ;  371383325
 89567912275024 ;  RT_SDP_bitcount_S ;  1 ;   1 ;  189600000 ;    1 ;  371666562
 89568287956633 ;  RT_SDP_bitcount_S ;  1 ;   1 ;  189600000 ;    1 ;  371850274
 89568663824308 ;  RT_SDP_bitcount_S ;  1 ;   1 ;  189600000 ;    1 ;  371788547
 89569039628335 ;  RT_SDP_bitcount_S ;  1 ;   1 ;  189600000 ;    1 ;  371133614
 89569414777176 ;  RT_SDP_bitcount_S ;  1 ;   1 ;  189600000 ;    1 ;  370840582
 89569789633634 ;  RT_SDP_bitcount_S ;  1 ;   1 ;  189600000 ;    1 ;  371444221
 89570165093180 ;  RT_SDP_bitcount_S ;  1 ;   1 ;  189600000 ;    1 ;  371885934
 89570540994068 ;  RT_SDP_bitcount_S ;  1 ;   1 ;  189600000 ;    1 ;  370755343
 89570915764913 ;  RT_SDP_bitcount_S ;  1 ;   1 ;  189600000 ;    1 ;  370699502
 89571290478928 ;  RT_SDP_bitcount_S ;  1 ;   1 ;  189600000 ;    1 ;  372106691
 89571666600810 ;  RT_SDP_bitcount_S ;  1 ;   1 ;  189600000 ;    1 ;  371452687
 89572042068658 ;  RT_SDP_bitcount_S ;  1 ;   1 ;  189600000 ;    1 ;  371732708
 89572417816609 ;  RT_SDP_bitcount_S ;  1 ;   1 ;  189600000 ;    1 ;  371780466
 89572793612518 ;  RT_SDP_bitcount_S ;  1 ;   1 ;  189600000 ;    1 ;  370837695
 89573168465307 ;  RT_SDP_bitcount_S ;  1 ;   1 ;  189600000 ;    1 ;  371346232
 89573543826552 ;  RT_SDP_bitcount_S ;  1 ;   1 ;  189600000 ;    1 ;  371643156
 89573919485331 ;  RT_SDP_bitcount_S ;  1 ;   1 ;  189600000 ;    1 ;  370979533
 89574294480394 ;  RT_SDP_bitcount_S ;  1 ;   1 ;  189600000 ;    1 ;  371459951
 89574669955845 ;  RT_SDP_bitcount_S ;  1 ;   1 ;  189600000 ;    1 ;  371725037
 89575045696408 ;  RT_SDP_bitcount_S ;  1 ;   1 ;  189600000 ;    1 ;  370859175
 89575420571342 ;  RT_SDP_bitcount_S ;  1 ;   1 ;  189600000 ;    1 ;  371400207
 89575795986438 ;  RT_SDP_bitcount_S ;  1 ;   1 ;  189600000 ;    1 ;  370845320
 89576170847281 ;  RT_SDP_bitcount_S ;  1 ;   1 ;  189600000 ;    1 ;  371879715
 89576546742807 ;  RT_SDP_bitcount_S ;  1 ;   1 ;  189600000 ;    1 ;  370985738
 89576921744321 ;  RT_SDP_bitcount_S ;  1 ;   1 ;  189600000 ;    1 ;  371082503
 89577296842195 ;  RT_SDP_bitcount_S ;  1 ;   1 ;  189600000 ;    1 ;  370987580
 89577671844704 ;  RT_SDP_bitcount_S ;  1 ;   1 ;  189600000 ;    1 ;  371738436
 89578047598736 ;  RT_SDP_bitcount_S ;  1 ;   1 ;  189600000 ;    1 ;  371923886
 89578423538330 ;  RT_SDP_bitcount_S ;  1 ;   1 ;  189600000 ;    1 ;  371056762
 89578798610230 ;  RT_SDP_bitcount_S ;  1 ;   1 ;  189600000 ;    1 ;  372031541
 89579174656838 ;  RT_SDP_bitcount_S ;  1 ;   1 ;  189600000 ;    1 ;  371306488
 89579549978446 ;  RT_SDP_bitcount_S ;  1 ;   1 ;  189600000 ;    1 ;   89006812
 89579643002980 ;  RT_SDP_bitcount_S ;  1 ;   1 ;  189600000 ;    1 ;  367161219
 89580014181403 ;  RT_SDP_bitcount_S ;  1 ;   1 ;  189600000 ;    1 ;  368553395
 89580386753421 ;  RT_SDP_bitcount_S ;  1 ;   1 ;  189600000 ;    1 ;  368560242
 89580759330892 ;  RT_SDP_bitcount_S ;  1 ;   1 ;  189600000 ;    1 ;  367901614
 89581131249713 ;  RT_SDP_bitcount_S ;  1 ;   1 ;  189600000 ;    1 ;  368654569
 89581503920803 ;  RT_SDP_bitcount_S ;  1 ;   1 ;  189600000 ;    1 ;  367428409
 89581875366784 ;  RT_SDP_bitcount_S ;  1 ;   1 ;  189600000 ;    1 ;  368350510
 89582247736504 ;  RT_SDP_bitcount_S ;  1 ;   1 ;  189600000 ;    1 ;  367238449
 89582618994111 ;  RT_SDP_bitcount_S ;  1 ;   1 ;  189600000 ;    1 ;  367575525
 89582990587658 ;  RT_SDP_bitcount_S ;  1 ;   1 ;  189600000 ;    1 ;  368913597
 89583363519870 ;  RT_SDP_bitcount_S ;  1 ;   1 ;  189600000 ;    1 ;  368123675
 89583735661252 ;  RT_SDP_bitcount_S ;  1 ;   1 ;  189600000 ;    1 ;  368475811
 89584108154946 ;  RT_SDP_bitcount_S ;  1 ;   1 ;  189600000 ;    1 ;  361757155
 89584473926452 ;  RT_SDP_bitcount_S ;  1 ;   1 ;  189600000 ;    1 ;  369793924
 89584847729911 ;  RT_SDP_bitcount_S ;  1 ;   1 ;  189600000 ;    1 ;  370954557
 89585222703577 ;  RT_SDP_bitcount_S ;  1 ;   1 ;  189600000 ;    1 ;  369581339
 89585596301032 ;  RT_SDP_bitcount_S ;  1 ;   1 ;  189600000 ;    1 ;  368904531
 89585969222816 ;  RT_SDP_bitcount_S ;  1 ;   1 ;  189600000 ;    1 ;  369156882
 89586342397673 ;  RT_SDP_bitcount_S ;  1 ;   1 ;  189600000 ;    1 ;  368059826
 89586714474023 ;  RT_SDP_bitcount_S ;  1 ;   1 ;  189600000 ;    1 ;  367881455
 89587086373083 ;  RT_SDP_bitcount_S ;  1 ;   1 ;  189600000 ;    1 ;  369845784
 89587460241272 ;  RT_SDP_bitcount_S ;  1 ;   1 ;  189600000 ;    1 ;  368944354
 89587833200501 ;  RT_SDP_bitcount_S ;  1 ;   1 ;  189600000 ;    1 ;  367780247
 89588204998068 ;  RT_SDP_bitcount_S ;  1 ;   1 ;  189600000 ;    1 ;  369012303
 89588578027740 ;  RT_SDP_bitcount_S ;  1 ;   1 ;  189600000 ;    1 ;  368194874
 89588950239481 ;  RT_SDP_bitcount_S ;  1 ;   1 ;  189600000 ;    1 ;  368172388
 89589322429804 ;  RT_SDP_bitcount_S ;  1 ;   1 ;  189600000 ;    1 ;  367878247
 89589694324809 ;  RT_SDP_bitcount_S ;  1 ;   1 ;  189600000 ;    1 ;  368940243
 89590067285568 ;  RT_SDP_bitcount_S ;  1 ;   1 ;  189600000 ;    1 ;  368164065
 89590439465324 ;  RT_SDP_bitcount_S ;  1 ;   1 ;  189600000 ;    1 ;  367754016
 89590811234725 ;  RT_SDP_bitcount_S ;  1 ;   1 ;  189600000 ;    1 ;  368639481
 89591183891893 ;  RT_SDP_bitcount_S ;  1 ;   1 ;  189600000 ;    1 ;  368418065
 89591556325191 ;  RT_SDP_bitcount_S ;  1 ;   1 ;  189600000 ;    1 ;  368127608
 89591928468507 ;  RT_SDP_bitcount_S ;  1 ;   1 ;  189600000 ;    1 ;  369356063
 89592301840948 ;  RT_SDP_bitcount_S ;  1 ;   1 ;  189600000 ;    1 ;  368580481
 89592674438584 ;  RT_SDP_bitcount_S ;  1 ;   1 ;  189600000 ;    1 ;  367765000
 89593046219345 ;  RT_SDP_bitcount_S ;  1 ;   1 ;  189600000 ;    1 ;  369056108
 89593419291489 ;  RT_SDP_bitcount_S ;  1 ;   1 ;  189600000 ;    1 ;  367716858
 89593791023849 ;  RT_SDP_bitcount_S ;  1 ;   1 ;  189600000 ;    1 ;  369961104
 89594165002818 ;  RT_SDP_bitcount_S ;  1 ;   1 ;  189600000 ;    1 ;  369237783
 89594538253856 ;  RT_SDP_bitcount_S ;  1 ;   1 ;  189600000 ;    1 ;  367508865
 89594909771754 ;  RT_SDP_bitcount_S ;  1 ;   1 ;  189600000 ;    1 ;  368609488
 89595282390609 ;  RT_SDP_bitcount_S ;  1 ;   1 ;  189600000 ;    1 ;  369987159
 89595656386827 ;  RT_SDP_bitcount_S ;  1 ;   1 ;  189600000 ;    1 ;  368245307
 89596028641208 ;  RT_SDP_bitcount_S ;  1 ;   1 ;  189600000 ;    1 ;  368261061
 89596400911581 ;  RT_SDP_bitcount_S ;  1 ;   1 ;  189600000 ;    1 ;  367314280
 89596772234792 ;  RT_SDP_bitcount_S ;  1 ;   1 ;  189600000 ;    1 ;  367371784
 89597143615884 ;  RT_SDP_bitcount_S ;  1 ;   1 ;  189600000 ;    1 ;  367509463
 89597515134326 ;  RT_SDP_bitcount_S ;  1 ;   1 ;  189600000 ;    1 ;  368141158
 89597887285235 ;  RT_SDP_bitcount_S ;  1 ;   1 ;  189600000 ;    1 ;  368259720
 89598259554163 ;  RT_SDP_bitcount_S ;  1 ;   1 ;  189600000 ;    1 ;  368368726
 89598631932277 ;  RT_SDP_bitcount_S ;  1 ;   1 ;  189600000 ;    1 ;  367194728
 89599003135825 ;  RT_SDP_bitcount_S ;  1 ;   1 ;  189600000 ;    1 ;  367642593
 89599374787275 ;  RT_SDP_bitcount_S ;  1 ;   1 ;  189600000 ;    1 ;  367452567
 89599746248938 ;  RT_SDP_bitcount_S ;  1 ;   1 ;  189600000 ;    1 ;  367975439
 89600118233294 ;  RT_SDP_bitcount_S ;  1 ;   1 ;  189600000 ;    1 ;  367401571
 89600489644489 ;  RT_SDP_bitcount_S ;  1 ;   1 ;  189600000 ;    1 ;  375946212
 89600869599644 ;  RT_SDP_bitcount_S ;  1 ;   1 ;  189600000 ;    1 ;  367363878
 89601240974710 ;  RT_SDP_bitcount_S ;  1 ;   1 ;  189600000 ;    1 ;  368055144
 89601613040876 ;  RT_SDP_bitcount_S ;  1 ;   1 ;  189600000 ;    1 ;  367987398
 89601985039238 ;  RT_SDP_bitcount_S ;  1 ;   1 ;  189600000 ;    1 ;  369035233
 89602358083448 ;  RT_SDP_bitcount_S ;  1 ;   1 ;  189600000 ;    1 ;  368309603
 89602730402186 ;  RT_SDP_bitcount_S ;  1 ;   1 ;  189600000 ;    1 ;  368102355
 89603102513665 ;  RT_SDP_bitcount_S ;  1 ;   1 ;  189600000 ;    1 ;  368662239
 89603475185084 ;  RT_SDP_bitcount_S ;  1 ;   1 ;  189600000 ;    1 ;  367625140
 89603846819603 ;  RT_SDP_bitcount_S ;  1 ;   1 ;  189600000 ;    1 ;  367028633
 89604217858748 ;  RT_SDP_bitcount_S ;  1 ;   1 ;  189600000 ;    1 ;  368932845
 89604590803436 ;  RT_SDP_bitcount_S ;  1 ;   1 ;  189600000 ;    1 ;  367173013
 89604961988030 ;  RT_SDP_bitcount_S ;  1 ;   1 ;  189600000 ;    1 ;  368862450
 89605334862258 ;  RT_SDP_bitcount_S ;  1 ;   1 ;  189600000 ;    1 ;  368619093
 89605707493427 ;  RT_SDP_bitcount_S ;  1 ;   1 ;  189600000 ;    1 ;  367745704
 89606079253600 ;  RT_SDP_bitcount_S ;  1 ;   1 ;  189600000 ;    1 ;  368461852
 89606451727504 ;  RT_SDP_bitcount_S ;  1 ;   1 ;  189600000 ;    1 ;  367626957
 89606823366687 ;  RT_SDP_bitcount_S ;  1 ;   1 ;  189600000 ;    1 ;  368761645
 89607196140376 ;  RT_SDP_bitcount_S ;  1 ;   1 ;  189600000 ;    1 ;  367652681
 89607567805212 ;  RT_SDP_bitcount_S ;  1 ;   1 ;  189600000 ;    1 ;  368370544
 89607940187554 ;  RT_SDP_bitcount_S ;  1 ;   1 ;  189600000 ;    1 ;  368804543
 89608313006477 ;  RT_SDP_bitcount_S ;  1 ;   1 ;  189600000 ;    1 ;  368957533
 89608685976249 ;  RT_SDP_bitcount_S ;  1 ;   1 ;  189600000 ;    1 ;  368330590
 89609058319179 ;  RT_SDP_bitcount_S ;  1 ;   1 ;  189600000 ;    1 ;  368704073
 89609431035084 ;  RT_SDP_bitcount_S ;  1 ;   1 ;  189600000 ;    1 ;  367345653
 89609802392654 ;  RT_SDP_bitcount_S ;  1 ;   1 ;  189600000 ;    1 ;  368226720
 89610174632029 ;  RT_SDP_bitcount_S ;  1 ;   1 ;  189600000 ;    1 ;  368540169
 89610547183976 ;  RT_SDP_bitcount_S ;  1 ;   1 ;  189600000 ;    1 ;  368545090
 89610919745170 ;  RT_SDP_bitcount_S ;  1 ;   1 ;  189600000 ;    1 ;  368845509
 89611292602328 ;  RT_SDP_bitcount_S ;  1 ;   1 ;  189600000 ;    1 ;  368563376
 89611665188258 ;  RT_SDP_bitcount_S ;  1 ;   1 ;  189600000 ;    1 ;  367333283
 89612036533714 ;  RT_SDP_bitcount_S ;  1 ;   1 ;  189600000 ;    1 ;  369020128
 89612409566278 ;  RT_SDP_bitcount_S ;  1 ;   1 ;  189600000 ;    1 ;  368483966
 89612782062077 ;  RT_SDP_bitcount_S ;  1 ;   1 ;  189600000 ;    1 ;  367765947
 89613153845729 ;  RT_SDP_bitcount_S ;  1 ;   1 ;  189600000 ;    1 ;  368169239
 89613526026671 ;  RT_SDP_bitcount_S ;  1 ;   1 ;  189600000 ;    1 ;  367739241
 89613897777851 ;  RT_SDP_bitcount_S ;  1 ;   1 ;  189600000 ;    1 ;  368092204
 89614269882125 ;  RT_SDP_bitcount_S ;  1 ;   1 ;  189600000 ;    1 ;  367656557
 89614641550853 ;  RT_SDP_bitcount_S ;  1 ;   1 ;  189600000 ;    1 ;  368480435
 89615014043443 ;  RT_SDP_bitcount_S ;  1 ;   1 ;  189600000 ;    1 ;  368876616
 89615386931949 ;  RT_SDP_bitcount_S ;  1 ;   1 ;  189600000 ;    1 ;  367422556
 89615758366730 ;  RT_SDP_bitcount_S ;  1 ;   1 ;  189600000 ;    1 ;  367627418
 89616130006218 ;  RT_SDP_bitcount_S ;  1 ;   1 ;  189600000 ;    1 ;  367751691
 89616501769891 ;  RT_SDP_bitcount_S ;  1 ;   1 ;  189600000 ;    1 ;  367821763
 89616873604345 ;  RT_SDP_bitcount_S ;  1 ;   1 ;  189600000 ;    1 ;  368242064
 89617245858451 ;  RT_SDP_bitcount_S ;  1 ;   1 ;  189600000 ;    1 ;  368269619
 89617618140108 ;  RT_SDP_bitcount_S ;  1 ;   1 ;  189600000 ;    1 ;  367977754
 89617990129542 ;  RT_SDP_bitcount_S ;  1 ;   1 ;  189600000 ;    1 ;  361924764
 89618356071820 ;  RT_SDP_bitcount_S ;  1 ;   1 ;  189600000 ;    1 ;  370023645
 89618730108530 ;  RT_SDP_bitcount_S ;  1 ;   1 ;  189600000 ;    1 ;  375197021
 89619109314996 ;  RT_SDP_bitcount_S ;  1 ;   1 ;  189600000 ;    1 ;  368141725
 89619481466274 ;  RT_SDP_bitcount_S ;  1 ;   1 ;  189600000 ;    1 ;  368432533
 89560031862149 ;       RT_SDP_fft_S ;  2 ;   1 ;  275200000 ;    1 ;  371063067
 89560406935860 ;       RT_SDP_fft_S ;  2 ;   1 ;  275200000 ;    1 ;  371100799
 89560782047051 ;       RT_SDP_fft_S ;  2 ;   1 ;  275200000 ;    1 ;  371650822
 89561157708485 ;       RT_SDP_fft_S ;  2 ;   1 ;  275200000 ;    1 ;  370981137
 89561532699764 ;       RT_SDP_fft_S ;  2 ;   1 ;  275200000 ;    1 ;  372004697
 89561908714859 ;       RT_SDP_fft_S ;  2 ;   1 ;  275200000 ;    1 ;  371915022
 89562284640644 ;       RT_SDP_fft_S ;  2 ;   1 ;  275200000 ;    1 ;  371355744
 89562660007025 ;       RT_SDP_fft_S ;  2 ;   1 ;  275200000 ;    1 ;  370714050
 89563034731792 ;       RT_SDP_fft_S ;  2 ;   1 ;  275200000 ;    1 ;  371459867
 89563410201155 ;       RT_SDP_fft_S ;  2 ;   1 ;  275200000 ;    1 ;  371363658
 89563785575160 ;       RT_SDP_fft_S ;  2 ;   1 ;  275200000 ;    1 ;  370734385
 89564160320192 ;       RT_SDP_fft_S ;  2 ;   1 ;  275200000 ;    1 ;  370772076
 89564535102693 ;       RT_SDP_fft_S ;  2 ;   1 ;  275200000 ;    1 ;  371452616
 89564910566028 ;       RT_SDP_fft_S ;  2 ;   1 ;  275200000 ;    1 ;  371176624
 89565285752802 ;       RT_SDP_fft_S ;  2 ;   1 ;  275200000 ;    1 ;  371038450
 89565660801784 ;       RT_SDP_fft_S ;  2 ;   1 ;  275200000 ;    1 ;  371737196
 89566036550318 ;       RT_SDP_fft_S ;  2 ;   1 ;  275200000 ;    1 ;  371237554
 89566411800822 ;       RT_SDP_fft_S ;  2 ;   1 ;  275200000 ;    1 ;  370436852
 89566786247983 ;       RT_SDP_fft_S ;  2 ;   1 ;  275200000 ;    1 ;  371532218
 89567161790937 ;       RT_SDP_fft_S ;  2 ;   1 ;  275200000 ;    1 ;  371102388
 89567536903881 ;       RT_SDP_fft_S ;  2 ;   1 ;  275200000 ;    1 ;  371391814
 89567912306031 ;       RT_SDP_fft_S ;  2 ;   1 ;  275200000 ;    1 ;  371668646
 89568287985408 ;       RT_SDP_fft_S ;  2 ;   1 ;  275200000 ;    1 ;  371858258
 89568663854746 ;       RT_SDP_fft_S ;  2 ;   1 ;  275200000 ;    1 ;  371791368
 89569039656522 ;       RT_SDP_fft_S ;  2 ;   1 ;  275200000 ;    1 ;  371137068
 89569414804097 ;       RT_SDP_fft_S ;  2 ;   1 ;  275200000 ;    1 ;  370846774
 89569789661525 ;       RT_SDP_fft_S ;  2 ;   1 ;  275200000 ;    1 ;  371449568
 89570165121576 ;       RT_SDP_fft_S ;  2 ;   1 ;  275200000 ;    1 ;  371889535
 89570541021349 ;       RT_SDP_fft_S ;  2 ;   1 ;  275200000 ;    1 ;  370760290
 89570915791100 ;       RT_SDP_fft_S ;  2 ;   1 ;  275200000 ;    1 ;  370705862
 89571290507926 ;       RT_SDP_fft_S ;  2 ;   1 ;  275200000 ;    1 ;  372110565
 89571666628990 ;       RT_SDP_fft_S ;  2 ;   1 ;  275200000 ;    1 ;  371456784
 89572042096894 ;       RT_SDP_fft_S ;  2 ;   1 ;  275200000 ;    1 ;  371736384
 89572417843388 ;       RT_SDP_fft_S ;  2 ;   1 ;  275200000 ;    1 ;  371787973
 89572793642900 ;       RT_SDP_fft_S ;  2 ;   1 ;  275200000 ;    1 ;  370839451
 89573168492531 ;       RT_SDP_fft_S ;  2 ;   1 ;  275200000 ;    1 ;  371351301
 89573543853962 ;       RT_SDP_fft_S ;  2 ;   1 ;  275200000 ;    1 ;  371649135
 89573919513234 ;       RT_SDP_fft_S ;  2 ;   1 ;  275200000 ;    1 ;  370983914
 89574294507386 ;       RT_SDP_fft_S ;  2 ;   1 ;  275200000 ;    1 ;  371466840
 89574669984785 ;       RT_SDP_fft_S ;  2 ;   1 ;  275200000 ;    1 ;  371728963
 89575045724648 ;       RT_SDP_fft_S ;  2 ;   1 ;  275200000 ;    1 ;  370866815
 89575420601190 ;       RT_SDP_fft_S ;  2 ;   1 ;  275200000 ;    1 ;  371402414
 89575796014125 ;       RT_SDP_fft_S ;  2 ;   1 ;  275200000 ;    1 ;  370850658
 89576170876102 ;       RT_SDP_fft_S ;  2 ;   1 ;  275200000 ;    1 ;  371884294
 89576546770221 ;       RT_SDP_fft_S ;  2 ;   1 ;  275200000 ;    1 ;  370992186
 89576921772920 ;       RT_SDP_fft_S ;  2 ;   1 ;  275200000 ;    1 ;  371086618
 89577296870479 ;       RT_SDP_fft_S ;  2 ;   1 ;  275200000 ;    1 ;  370992227
 89577671873570 ;       RT_SDP_fft_S ;  2 ;   1 ;  275200000 ;    1 ;  371742160
 89578047626434 ;       RT_SDP_fft_S ;  2 ;   1 ;  275200000 ;    1 ;  371929480
 89578423566392 ;       RT_SDP_fft_S ;  2 ;   1 ;  275200000 ;    1 ;  371060712
 89578798638708 ;       RT_SDP_fft_S ;  2 ;   1 ;  275200000 ;    1 ;  372035769
 89579174684633 ;       RT_SDP_fft_S ;  2 ;   1 ;  275200000 ;    1 ;  371927665
 89579550626361 ;       RT_SDP_fft_S ;  2 ;   1 ;  275200000 ;    1 ;  374924815
 89579929564468 ;       RT_SDP_fft_S ;  2 ;   1 ;  275200000 ;    1 ;  368396231
 89580301974240 ;       RT_SDP_fft_S ;  2 ;   1 ;  275200000 ;    1 ;  368584875
 89580674572106 ;       RT_SDP_fft_S ;  2 ;   1 ;  275200000 ;    1 ;  367861933
 89581046447619 ;       RT_SDP_fft_S ;  2 ;   1 ;  275200000 ;    1 ;  368745488
 89581419206295 ;       RT_SDP_fft_S ;  2 ;   1 ;  275200000 ;    1 ;  367734835
 89581790954748 ;       RT_SDP_fft_S ;  2 ;   1 ;  275200000 ;    1 ;  368429992
 89582163398856 ;       RT_SDP_fft_S ;  2 ;   1 ;  275200000 ;    1 ;  368159393
 89582535571950 ;       RT_SDP_fft_S ;  2 ;   1 ;  275200000 ;    1 ;  367604184
 89582907188957 ;       RT_SDP_fft_S ;  2 ;   1 ;  275200000 ;    1 ;  368659225
 89583279860740 ;       RT_SDP_fft_S ;  2 ;   1 ;  275200000 ;    1 ;  368511470
 89583652385469 ;       RT_SDP_fft_S ;  2 ;   1 ;  275200000 ;    1 ;  368302915
 89584024701108 ;       RT_SDP_fft_S ;  2 ;   1 ;  275200000 ;    1 ;  380576910
 89584409292678 ;       RT_SDP_fft_S ;  2 ;   1 ;  275200000 ;    1 ;  373058011
 89584786367377 ;       RT_SDP_fft_S ;  2 ;   1 ;  275200000 ;    1 ;  364676603
 89585155058451 ;       RT_SDP_fft_S ;  2 ;   1 ;  275200000 ;    1 ;  369388295
 89585528460194 ;       RT_SDP_fft_S ;  2 ;   1 ;  275200000 ;    1 ;  368751814
 89585901226372 ;       RT_SDP_fft_S ;  2 ;   1 ;  275200000 ;    1 ;  368947215
 89586274187308 ;       RT_SDP_fft_S ;  2 ;   1 ;  275200000 ;    1 ;  368371522
 89586646571977 ;       RT_SDP_fft_S ;  2 ;   1 ;  275200000 ;    1 ;  367904096
 89587018489727 ;       RT_SDP_fft_S ;  2 ;   1 ;  275200000 ;    1 ;  369596265
 89587392099897 ;       RT_SDP_fft_S ;  2 ;   1 ;  275200000 ;    1 ;  369073122
 89587765187109 ;       RT_SDP_fft_S ;  2 ;   1 ;  275200000 ;    1 ;  368106684
 89588137308237 ;       RT_SDP_fft_S ;  2 ;   1 ;  275200000 ;    1 ;  368818654
 89588510140370 ;       RT_SDP_fft_S ;  2 ;   1 ;  275200000 ;    1 ;  367965680
 89588882119444 ;       RT_SDP_fft_S ;  2 ;   1 ;  275200000 ;    1 ;  368205773
 89589254338972 ;       RT_SDP_fft_S ;  2 ;   1 ;  275200000 ;    1 ;  368092648
 89589626445519 ;       RT_SDP_fft_S ;  2 ;   1 ;  275200000 ;    1 ;  368696813
 89589999156031 ;       RT_SDP_fft_S ;  2 ;   1 ;  275200000 ;    1 ;  368414776
 89590371584686 ;       RT_SDP_fft_S ;  2 ;   1 ;  275200000 ;    1 ;  368022088
 89590743620563 ;       RT_SDP_fft_S ;  2 ;   1 ;  275200000 ;    1 ;  368626427
 89591116260427 ;       RT_SDP_fft_S ;  2 ;   1 ;  275200000 ;    1 ;  368292764
 89591488566983 ;       RT_SDP_fft_S ;  2 ;   1 ;  275200000 ;    1 ;  367989381
 89591860569702 ;       RT_SDP_fft_S ;  2 ;   1 ;  275200000 ;    1 ;  368986662
 89592233570777 ;       RT_SDP_fft_S ;  2 ;   1 ;  275200000 ;    1 ;  369063387
 89592606648198 ;       RT_SDP_fft_S ;  2 ;   1 ;  275200000 ;    1 ;  367784897
 89592978446478 ;       RT_SDP_fft_S ;  2 ;   1 ;  275200000 ;    1 ;  368746610
 89593351207103 ;       RT_SDP_fft_S ;  2 ;   1 ;  275200000 ;    1 ;  368201303
 89593723422218 ;       RT_SDP_fft_S ;  2 ;   1 ;  275200000 ;    1 ;  369858008
 89594097294359 ;       RT_SDP_fft_S ;  2 ;   1 ;  275200000 ;    1 ;  360588381
 89594461894793 ;       RT_SDP_fft_S ;  2 ;   1 ;  275200000 ;    1 ;  354421961
 89594820327365 ;       RT_SDP_fft_S ;  2 ;   1 ;  275200000 ;    1 ;  368503494
 89595192840463 ;       RT_SDP_fft_S ;  2 ;   1 ;  275200000 ;    1 ;  367888139
 89595564740250 ;       RT_SDP_fft_S ;  2 ;   1 ;  275200000 ;    1 ;  370403385
 89595939154498 ;       RT_SDP_fft_S ;  2 ;   1 ;  275200000 ;    1 ;  368541507
 89596311705722 ;       RT_SDP_fft_S ;  2 ;   1 ;  275200000 ;    1 ;  367260946
 89596682977393 ;       RT_SDP_fft_S ;  2 ;   1 ;  275200000 ;    1 ;  367338539
 89597054325432 ;       RT_SDP_fft_S ;  2 ;   1 ;  275200000 ;    1 ;  367532811
 89597425869038 ;       RT_SDP_fft_S ;  2 ;   1 ;  275200000 ;    1 ;  368142288
 89597798021064 ;       RT_SDP_fft_S ;  2 ;   1 ;  275200000 ;    1 ;  368414978
 89598170446393 ;       RT_SDP_fft_S ;  2 ;   1 ;  275200000 ;    1 ;  368168246
 89598542626980 ;       RT_SDP_fft_S ;  2 ;   1 ;  275200000 ;    1 ;  367345088
 89598913982874 ;       RT_SDP_fft_S ;  2 ;   1 ;  275200000 ;    1 ;  367417055
 89599285410657 ;       RT_SDP_fft_S ;  2 ;   1 ;  275200000 ;    1 ;  367645433
 89599657067280 ;       RT_SDP_fft_S ;  2 ;   1 ;  275200000 ;    1 ;  367920893
 89600029001736 ;       RT_SDP_fft_S ;  2 ;   1 ;  275200000 ;    1 ;  367531428
 89600400544116 ;       RT_SDP_fft_S ;  2 ;   1 ;  275200000 ;    1 ;  367971048
 89600772524698 ;       RT_SDP_fft_S ;  2 ;   1 ;  275200000 ;    1 ;  375282708
 89601151816964 ;       RT_SDP_fft_S ;  2 ;   1 ;  275200000 ;    1 ;  367884018
 89601523711142 ;       RT_SDP_fft_S ;  2 ;   1 ;  275200000 ;    1 ;  368123476
 89601895845336 ;       RT_SDP_fft_S ;  2 ;   1 ;  275200000 ;    1 ;  368896641
 89602268751883 ;       RT_SDP_fft_S ;  2 ;   1 ;  275200000 ;    1 ;  368351434
 89602641114473 ;       RT_SDP_fft_S ;  2 ;   1 ;  275200000 ;    1 ;  368224483
 89603013349021 ;       RT_SDP_fft_S ;  2 ;   1 ;  275200000 ;    1 ;  368615593
 89603385975268 ;       RT_SDP_fft_S ;  2 ;   1 ;  275200000 ;    1 ;  367328799
 89603757314092 ;       RT_SDP_fft_S ;  2 ;   1 ;  275200000 ;    1 ;  367706510
 89604129032628 ;       RT_SDP_fft_S ;  2 ;   1 ;  275200000 ;    1 ;  366792066
 89604499834757 ;       RT_SDP_fft_S ;  2 ;   1 ;  275200000 ;    1 ;  367640457
 89604871485795 ;       RT_SDP_fft_S ;  2 ;   1 ;  275200000 ;    1 ;  368400984
 89605243896371 ;       RT_SDP_fft_S ;  2 ;   1 ;  275200000 ;    1 ;  368599825
 89605616506013 ;       RT_SDP_fft_S ;  2 ;   1 ;  275200000 ;    1 ;  367696328
 89605988213436 ;       RT_SDP_fft_S ;  2 ;   1 ;  275200000 ;    1 ;  368829218
 89606361054255 ;       RT_SDP_fft_S ;  2 ;   1 ;  275200000 ;    1 ;  367240303
 89606732305433 ;       RT_SDP_fft_S ;  2 ;   1 ;  275200000 ;    1 ;  368825659
 89607105143171 ;       RT_SDP_fft_S ;  2 ;   1 ;  275200000 ;    1 ;  368044008
 89607477197224 ;       RT_SDP_fft_S ;  2 ;   1 ;  275200000 ;    1 ;  368186140
 89607849392979 ;       RT_SDP_fft_S ;  2 ;   1 ;  275200000 ;    1 ;  368521892
 89608221925732 ;       RT_SDP_fft_S ;  2 ;   1 ;  275200000 ;    1 ;  368638851
 89608594574876 ;       RT_SDP_fft_S ;  2 ;   1 ;  275200000 ;    1 ;  368764971
 89608967349491 ;       RT_SDP_fft_S ;  2 ;   1 ;  275200000 ;    1 ;  368611102
 89609339970081 ;       RT_SDP_fft_S ;  2 ;   1 ;  275200000 ;    1 ;  367678929
 89609711659263 ;       RT_SDP_fft_S ;  2 ;   1 ;  275200000 ;    1 ;  368145830
 89610083815743 ;       RT_SDP_fft_S ;  2 ;   1 ;  275200000 ;    1 ;  368507177
 89610456333747 ;       RT_SDP_fft_S ;  2 ;   1 ;  275200000 ;    1 ;  368365905
 89610828710242 ;       RT_SDP_fft_S ;  2 ;   1 ;  275200000 ;    1 ;  368648423
 89611201369279 ;       RT_SDP_fft_S ;  2 ;   1 ;  275200000 ;    1 ;  368924335
 89611574303548 ;       RT_SDP_fft_S ;  2 ;   1 ;  275200000 ;    1 ;  367460614
 89611945773842 ;       RT_SDP_fft_S ;  2 ;   1 ;  275200000 ;    1 ;  368524391
 89612318308853 ;       RT_SDP_fft_S ;  2 ;   1 ;  275200000 ;    1 ;  368755025
 89612691073947 ;       RT_SDP_fft_S ;  2 ;   1 ;  275200000 ;    1 ;  367885178
 89613062969919 ;       RT_SDP_fft_S ;  2 ;   1 ;  275200000 ;    1 ;  367822905
 89613434807290 ;       RT_SDP_fft_S ;  2 ;   1 ;  275200000 ;    1 ;  367980881
 89613806801849 ;       RT_SDP_fft_S ;  2 ;   1 ;  275200000 ;    1 ;  367968786
 89614178780501 ;       RT_SDP_fft_S ;  2 ;   1 ;  275200000 ;    1 ;  368047666
 89614550839037 ;       RT_SDP_fft_S ;  2 ;   1 ;  275200000 ;    1 ;  368184818
 89614923034041 ;       RT_SDP_fft_S ;  2 ;   1 ;  275200000 ;    1 ;  368860963
 89615295904586 ;       RT_SDP_fft_S ;  2 ;   1 ;  275200000 ;    1 ;  367630215
 89615667544544 ;       RT_SDP_fft_S ;  2 ;   1 ;  275200000 ;    1 ;  367471914
 89616039027134 ;       RT_SDP_fft_S ;  2 ;   1 ;  275200000 ;    1 ;  367678194
 89616410715858 ;       RT_SDP_fft_S ;  2 ;   1 ;  275200000 ;    1 ;  368384415
 89616783110279 ;       RT_SDP_fft_S ;  2 ;   1 ;  275200000 ;    1 ;  367975345
 89617155095487 ;       RT_SDP_fft_S ;  2 ;   1 ;  275200000 ;    1 ;  368209644
 89617527316030 ;       RT_SDP_fft_S ;  2 ;   1 ;  275200000 ;    1 ;  368216283
 89617899542025 ;       RT_SDP_fft_S ;  2 ;   1 ;  275200000 ;    1 ;  449334421
 89618352888643 ;       RT_SDP_fft_S ;  2 ;   1 ;  275200000 ;    1 ;  371637569
 89618728543507 ;       RT_SDP_fft_S ;  2 ;   1 ;  275200000 ;    1 ;  376743568
 89619109303529 ;       RT_SDP_fft_S ;  2 ;   1 ;  275200000 ;    1 ;  368134697
 89619481454654 ;       RT_SDP_fft_S ;  2 ;   1 ;  275200000 ;    1 ;  368425406
 89560031864735 ;     RT_SDP_CRC32_L ;  3 ;   1 ; 3551200000 ;    1 ;  371075583
 89560406951636 ;     RT_SDP_CRC32_L ;  3 ;   1 ; 3551200000 ;    1 ;  371100065
 89560782062894 ;     RT_SDP_CRC32_L ;  3 ;   1 ; 3551200000 ;    1 ;  371650024
 89561157724116 ;     RT_SDP_CRC32_L ;  3 ;   1 ; 3551200000 ;    1 ;  370980076
 89561532715301 ;     RT_SDP_CRC32_L ;  3 ;   1 ; 3551200000 ;    1 ;  372002993
 89561908729561 ;     RT_SDP_CRC32_L ;  3 ;   1 ; 3551200000 ;    1 ;  371914542
 89562284655624 ;     RT_SDP_CRC32_L ;  3 ;   1 ; 3551200000 ;    1 ;  371355721
 89562660022735 ;     RT_SDP_CRC32_L ;  3 ;   1 ; 3551200000 ;    1 ;  370712398
 89563034746692 ;     RT_SDP_CRC32_L ;  3 ;   1 ; 3551200000 ;    1 ;  371458263
 89563410216124 ;     RT_SDP_CRC32_L ;  3 ;   1 ; 3551200000 ;    1 ;  371362321
 89563785589493 ;     RT_SDP_CRC32_L ;  3 ;   1 ; 3551200000 ;    1 ;  370734883
 89564160336266 ;     RT_SDP_CRC32_L ;  3 ;   1 ; 3551200000 ;    1 ;  370769932
 89564535117368 ;     RT_SDP_CRC32_L ;  3 ;   1 ; 3551200000 ;    1 ;  371453071
 89564910581838 ;     RT_SDP_CRC32_L ;  3 ;   1 ; 3551200000 ;    1 ;  371175139
 89565285768686 ;     RT_SDP_CRC32_L ;  3 ;   1 ; 3551200000 ;    1 ;  371037396
 89565660817236 ;     RT_SDP_CRC32_L ;  3 ;   1 ; 3551200000 ;    1 ;  371738715
 89566036567911 ;     RT_SDP_CRC32_L ;  3 ;   1 ; 3551200000 ;    1 ;  371239810
 89566411819114 ;     RT_SDP_CRC32_L ;  3 ;   1 ; 3551200000 ;    1 ;  370432212
 89566786262540 ;     RT_SDP_CRC32_L ;  3 ;   1 ; 3551200000 ;    1 ;  371532418
 89567161806412 ;     RT_SDP_CRC32_L ;  3 ;   1 ; 3551200000 ;    1 ;  371100820
 89567536918326 ;     RT_SDP_CRC32_L ;  3 ;   1 ; 3551200000 ;    1 ;  371392212
 89567912322094 ;     RT_SDP_CRC32_L ;  3 ;   1 ; 3551200000 ;    1 ;  371667648
 89568288001428 ;     RT_SDP_CRC32_L ;  3 ;   1 ; 3551200000 ;    1 ;  371857449
 89568663870631 ;     RT_SDP_CRC32_L ;  3 ;   1 ; 3551200000 ;    1 ;  371789455
 89569039671518 ;     RT_SDP_CRC32_L ;  3 ;   1 ; 3551200000 ;    1 ;  371137104
 89569414820330 ;     RT_SDP_CRC32_L ;  3 ;   1 ; 3551200000 ;    1 ;  370845853
 89569789678145 ;     RT_SDP_CRC32_L ;  3 ;   1 ; 3551200000 ;    1 ;  371447526
 89570165137434 ;     RT_SDP_CRC32_L ;  3 ;   1 ; 3551200000 ;    1 ;  371888306
 89570541036712 ;     RT_SDP_CRC32_L ;  3 ;   1 ; 3551200000 ;    1 ;  370758691
 89570915806740 ;     RT_SDP_CRC32_L ;  3 ;   1 ; 3551200000 ;    1 ;  370705284
 89571290523500 ;     RT_SDP_CRC32_L ;  3 ;   1 ; 3551200000 ;    1 ;  372109991
 89571666645416 ;     RT_SDP_CRC32_L ;  3 ;   1 ; 3551200000 ;    1 ;  371455760
 89572042112902 ;     RT_SDP_CRC32_L ;  3 ;   1 ; 3551200000 ;    1 ;  371734947
 89572417859060 ;     RT_SDP_CRC32_L ;  3 ;   1 ; 3551200000 ;    1 ;  371789698
 89572793660491 ;     RT_SDP_CRC32_L ;  3 ;   1 ; 3551200000 ;    1 ;  370835965
 89573168508423 ;     RT_SDP_CRC32_L ;  3 ;   1 ; 3551200000 ;    1 ;  371350101
 89573543869919 ;     RT_SDP_CRC32_L ;  3 ;   1 ; 3551200000 ;    1 ;  371648119
 89573919529218 ;     RT_SDP_CRC32_L ;  3 ;   1 ; 3551200000 ;    1 ;  370982444
 89574294522538 ;     RT_SDP_CRC32_L ;  3 ;   1 ; 3551200000 ;    1 ;  371465645
 89574669999909 ;     RT_SDP_CRC32_L ;  3 ;   1 ; 3551200000 ;    1 ;  371728386
 89575045739808 ;     RT_SDP_CRC32_L ;  3 ;   1 ; 3551200000 ;    1 ;  370865783
 89575420617443 ;     RT_SDP_CRC32_L ;  3 ;   1 ; 3551200000 ;    1 ;  371400970
 89575796029696 ;     RT_SDP_CRC32_L ;  3 ;   1 ; 3551200000 ;    1 ;  370850448
 89576170892044 ;     RT_SDP_CRC32_L ;  3 ;   1 ; 3551200000 ;    1 ;  371881807
 89576546785386 ;     RT_SDP_CRC32_L ;  3 ;   1 ; 3551200000 ;    1 ;  370991863
 89576921788471 ;     RT_SDP_CRC32_L ;  3 ;   1 ; 3551200000 ;    1 ;  371086395
 89577296886465 ;     RT_SDP_CRC32_L ;  3 ;   1 ; 3551200000 ;    1 ;  370990330
 89577671888837 ;     RT_SDP_CRC32_L ;  3 ;   1 ; 3551200000 ;    1 ;  371741637
 89578047641905 ;     RT_SDP_CRC32_L ;  3 ;   1 ; 3551200000 ;    1 ;  371928981
 89578423582242 ;     RT_SDP_CRC32_L ;  3 ;   1 ; 3551200000 ;    1 ;  371059817
 89578798654002 ;     RT_SDP_CRC32_L ;  3 ;   1 ; 3551200000 ;    1 ;  372034219
 89579174699422 ;     RT_SDP_CRC32_L ;  3 ;   1 ; 3551200000 ;    1 ;  371929719
 89579550640909 ;     RT_SDP_CRC32_L ;  3 ;   1 ; 3551200000 ;    1 ;  374925061
 89579929575862 ;     RT_SDP_CRC32_L ;  3 ;   1 ; 3551200000 ;    1 ;  368399615
 89580301985712 ;     RT_SDP_CRC32_L ;  3 ;   1 ; 3551200000 ;    1 ;  368587835
 89580674582635 ;     RT_SDP_CRC32_L ;  3 ;   1 ; 3551200000 ;    1 ;  367866473
 89581046458237 ;     RT_SDP_CRC32_L ;  3 ;   1 ; 3551200000 ;    1 ;  368749384
 89581419216624 ;     RT_SDP_CRC32_L ;  3 ;   1 ; 3551200000 ;    1 ;  367739154
 89581790965434 ;     RT_SDP_CRC32_L ;  3 ;   1 ; 3551200000 ;    1 ;  368437505
 89582163412351 ;     RT_SDP_CRC32_L ;  3 ;   1 ; 3551200000 ;    1 ;  368160945
 89582535582489 ;     RT_SDP_CRC32_L ;  3 ;   1 ; 3551200000 ;    1 ;  370693502
 89582910292784 ;     RT_SDP_CRC32_L ;  3 ;   1 ; 3551200000 ;    1 ;  368656869
 89583282966804 ;     RT_SDP_CRC32_L ;  3 ;   1 ; 3551200000 ;    1 ;  368514826
 89583655497886 ;     RT_SDP_CRC32_L ;  3 ;   1 ; 3551200000 ;    1 ;  368313889
 89584027829374 ;     RT_SDP_CRC32_L ;  3 ;   1 ; 3551200000 ;    1 ;  368492476
 89584400338041 ;     RT_SDP_CRC32_L ;  3 ;   1 ; 3551200000 ;    1 ;  353884311
 89584758237295 ;     RT_SDP_CRC32_L ;  3 ;   1 ; 3551200000 ;    1 ;  370818516
 89585133073126 ;     RT_SDP_CRC32_L ;  3 ;   1 ; 3551200000 ;    1 ;  369439032
 89585506528596 ;     RT_SDP_CRC32_L ;  3 ;   1 ; 3551200000 ;    1 ;  368539060
 89585879084441 ;     RT_SDP_CRC32_L ;  3 ;   1 ; 3551200000 ;    1 ;  369005550
 89586252107692 ;     RT_SDP_CRC32_L ;  3 ;   1 ; 3551200000 ;    1 ;  368462256
 89586624588365 ;     RT_SDP_CRC32_L ;  3 ;   1 ; 3551200000 ;    1 ;  367753044
 89586996359081 ;     RT_SDP_CRC32_L ;  3 ;   1 ; 3551200000 ;    1 ;  369693174
 89587370069796 ;     RT_SDP_CRC32_L ;  3 ;   1 ; 3551200000 ;    1 ;  369039868
 89587743126516 ;     RT_SDP_CRC32_L ;  3 ;   1 ; 3551200000 ;    1 ;  368093613
 89588115236631 ;     RT_SDP_CRC32_L ;  3 ;   1 ; 3551200000 ;    1 ;  368858684
 89588488112439 ;     RT_SDP_CRC32_L ;  3 ;   1 ; 3551200000 ;    1 ;  367976837
 89588860106812 ;     RT_SDP_CRC32_L ;  3 ;   1 ; 3551200000 ;    1 ;  368194505
 89589232318402 ;     RT_SDP_CRC32_L ;  3 ;   1 ; 3551200000 ;    1 ;  368098232
 89589604433591 ;     RT_SDP_CRC32_L ;  3 ;   1 ; 3551200000 ;    1 ;  368733411
 89589977184531 ;     RT_SDP_CRC32_L ;  3 ;   1 ; 3551200000 ;    1 ;  368373865
 89590349576546 ;     RT_SDP_CRC32_L ;  3 ;   1 ; 3551200000 ;    1 ;  367962894
 89590721556702 ;     RT_SDP_CRC32_L ;  3 ;   1 ; 3551200000 ;    1 ;  368575951
 89591094149541 ;     RT_SDP_CRC32_L ;  3 ;   1 ; 3551200000 ;    1 ;  368457178
 89591466623376 ;     RT_SDP_CRC32_L ;  3 ;   1 ; 3551200000 ;    1 ;  367771450
 89591838411578 ;     RT_SDP_CRC32_L ;  3 ;   1 ; 3551200000 ;    1 ;  369070741
 89592211500284 ;     RT_SDP_CRC32_L ;  3 ;   1 ; 3551200000 ;    1 ;  369121836
 89592584639363 ;     RT_SDP_CRC32_L ;  3 ;   1 ; 3551200000 ;    1 ;  367764153
 89592956420641 ;     RT_SDP_CRC32_L ;  3 ;   1 ; 3551200000 ;    1 ;  368751048
 89593329189499 ;     RT_SDP_CRC32_L ;  3 ;   1 ; 3551200000 ;    1 ;  368118940
 89593701326031 ;     RT_SDP_CRC32_L ;  3 ;   1 ; 3551200000 ;    1 ;  369854171
 89594075197653 ;     RT_SDP_CRC32_L ;  3 ;   1 ; 3551200000 ;    1 ;  369705388
 89594448923073 ;     RT_SDP_CRC32_L ;  3 ;   1 ; 3551200000 ;    1 ;  367372491
 89594820312156 ;     RT_SDP_CRC32_L ;  3 ;   1 ; 3551200000 ;    1 ;  368500090
 89595192828640 ;     RT_SDP_CRC32_L ;  3 ;   1 ; 3551200000 ;    1 ;  367881207
 89595564726705 ;     RT_SDP_CRC32_L ;  3 ;   1 ; 3551200000 ;    1 ;  370394425
 89595939139330 ;     RT_SDP_CRC32_L ;  3 ;   1 ; 3551200000 ;    1 ;  368537736
 89596311694097 ;     RT_SDP_CRC32_L ;  3 ;   1 ; 3551200000 ;    1 ;  367253288
 89596682964638 ;     RT_SDP_CRC32_L ;  3 ;   1 ; 3551200000 ;    1 ;  367332985
 89597054313875 ;     RT_SDP_CRC32_L ;  3 ;   1 ; 3551200000 ;    1 ;  367525531
 89597425856252 ;     RT_SDP_CRC32_L ;  3 ;   1 ; 3551200000 ;    1 ;  368136405
 89597798008963 ;     RT_SDP_CRC32_L ;  3 ;   1 ; 3551200000 ;    1 ;  368408719
 89598170434232 ;     RT_SDP_CRC32_L ;  3 ;   1 ; 3551200000 ;    1 ;  368161814
 89598542612604 ;     RT_SDP_CRC32_L ;  3 ;   1 ; 3551200000 ;    1 ;  367340751
 89598913969626 ;     RT_SDP_CRC32_L ;  3 ;   1 ; 3551200000 ;    1 ;  367411455
 89599285397912 ;     RT_SDP_CRC32_L ;  3 ;   1 ; 3551200000 ;    1 ;  367624316
 89599657046656 ;     RT_SDP_CRC32_L ;  3 ;   1 ; 3551200000 ;    1 ;  367919839
 89600028985140 ;     RT_SDP_CRC32_L ;  3 ;   1 ; 3551200000 ;    1 ;  367526755
 89600400528307 ;     RT_SDP_CRC32_L ;  3 ;   1 ; 3551200000 ;    1 ;  367968089
 89600772512726 ;     RT_SDP_CRC32_L ;  3 ;   1 ; 3551200000 ;    1 ;  375275662
 89601151804934 ;     RT_SDP_CRC32_L ;  3 ;   1 ; 3551200000 ;    1 ;  367877950
 89601523699240 ;     RT_SDP_CRC32_L ;  3 ;   1 ; 3551200000 ;    1 ;  368117540
 89601895832583 ;     RT_SDP_CRC32_L ;  3 ;   1 ; 3551200000 ;    1 ;  368890947
 89602268739978 ;     RT_SDP_CRC32_L ;  3 ;   1 ; 3551200000 ;    1 ;  368345283
 89602641101434 ;     RT_SDP_CRC32_L ;  3 ;   1 ; 3551200000 ;    1 ;  368219417
 89603013337024 ;     RT_SDP_CRC32_L ;  3 ;   1 ; 3551200000 ;    1 ;  368608830
 89603385962855 ;     RT_SDP_CRC32_L ;  3 ;   1 ; 3551200000 ;    1 ;  367322705
 89603757301698 ;     RT_SDP_CRC32_L ;  3 ;   1 ; 3551200000 ;    1 ;  367698940
 89604129018312 ;     RT_SDP_CRC32_L ;  3 ;   1 ; 3551200000 ;    1 ;  366786265
 89604499821756 ;     RT_SDP_CRC32_L ;  3 ;   1 ; 3551200000 ;    1 ;  367634771
 89604871472842 ;     RT_SDP_CRC32_L ;  3 ;   1 ; 3551200000 ;    1 ;  368394707
 89605243884218 ;     RT_SDP_CRC32_L ;  3 ;   1 ; 3551200000 ;    1 ;  368592208
 89605616492738 ;     RT_SDP_CRC32_L ;  3 ;   1 ; 3551200000 ;    1 ;  367689982
 89605988199613 ;     RT_SDP_CRC32_L ;  3 ;   1 ; 3551200000 ;    1 ;  368820650
 89606361038419 ;     RT_SDP_CRC32_L ;  3 ;   1 ; 3551200000 ;    1 ;  367236662
 89606732292020 ;     RT_SDP_CRC32_L ;  3 ;   1 ; 3551200000 ;    1 ;  368808542
 89607105123629 ;     RT_SDP_CRC32_L ;  3 ;   1 ; 3551200000 ;    1 ;  368044570
 89607477185012 ;     RT_SDP_CRC32_L ;  3 ;   1 ; 3551200000 ;    1 ;  368179524
 89607849380876 ;     RT_SDP_CRC32_L ;  3 ;   1 ; 3551200000 ;    1 ;  368514924
 89608221912522 ;     RT_SDP_CRC32_L ;  3 ;   1 ; 3551200000 ;    1 ;  368633495
 89608594562286 ;     RT_SDP_CRC32_L ;  3 ;   1 ; 3551200000 ;    1 ;  368758700
 89608967337281 ;     RT_SDP_CRC32_L ;  3 ;   1 ; 3551200000 ;    1 ;  368604265
 89609339958211 ;     RT_SDP_CRC32_L ;  3 ;   1 ; 3551200000 ;    1 ;  367672496
 89609711646559 ;     RT_SDP_CRC32_L ;  3 ;   1 ; 3551200000 ;    1 ;  368139330
 89610083802354 ;     RT_SDP_CRC32_L ;  3 ;   1 ; 3551200000 ;    1 ;  368501453
 89610456320662 ;     RT_SDP_CRC32_L ;  3 ;   1 ; 3551200000 ;    1 ;  368360750
 89610828697179 ;     RT_SDP_CRC32_L ;  3 ;   1 ; 3551200000 ;    1 ;  368642120
 89611201356020 ;     RT_SDP_CRC32_L ;  3 ;   1 ; 3551200000 ;    1 ;  368919183
 89611574291287 ;     RT_SDP_CRC32_L ;  3 ;   1 ; 3551200000 ;    1 ;  367453793
 89611945761516 ;     RT_SDP_CRC32_L ;  3 ;   1 ; 3551200000 ;    1 ;  368518489
 89612318296068 ;     RT_SDP_CRC32_L ;  3 ;   1 ; 3551200000 ;    1 ;  368748891
 89612691061255 ;     RT_SDP_CRC32_L ;  3 ;   1 ; 3551200000 ;    1 ;  367878892
 89613062956570 ;     RT_SDP_CRC32_L ;  3 ;   1 ; 3551200000 ;    1 ;  367817949
 89613434790887 ;     RT_SDP_CRC32_L ;  3 ;   1 ; 3551200000 ;    1 ;  367977812
 89613806785972 ;     RT_SDP_CRC32_L ;  3 ;   1 ; 3551200000 ;    1 ;  367965761
 89614178767988 ;     RT_SDP_CRC32_L ;  3 ;   1 ; 3551200000 ;    1 ;  368038458
 89614550825844 ;     RT_SDP_CRC32_L ;  3 ;   1 ; 3551200000 ;    1 ;  368178663
 89614923021418 ;     RT_SDP_CRC32_L ;  3 ;   1 ; 3551200000 ;    1 ;  368854830
 89615295892517 ;     RT_SDP_CRC32_L ;  3 ;   1 ; 3551200000 ;    1 ;  367623263
 89615667532102 ;     RT_SDP_CRC32_L ;  3 ;   1 ; 3551200000 ;    1 ;  367465483
 89616039013953 ;     RT_SDP_CRC32_L ;  3 ;   1 ; 3551200000 ;    1 ;  367672014
 89616410702711 ;     RT_SDP_CRC32_L ;  3 ;   1 ; 3551200000 ;    1 ;  368378577
 89616783097963 ;     RT_SDP_CRC32_L ;  3 ;   1 ; 3551200000 ;    1 ;  367968709
 89617155082987 ;     RT_SDP_CRC32_L ;  3 ;   1 ; 3551200000 ;    1 ;  368203635
 89617527302729 ;     RT_SDP_CRC32_L ;  3 ;   1 ; 3551200000 ;    1 ;  368210854
 89617899529862 ;     RT_SDP_CRC32_L ;  3 ;   1 ; 3551200000 ;    1 ;  435976469
 89618339523523 ;     RT_SDP_CRC32_L ;  3 ;   1 ; 3551200000 ;    1 ;  301074045
 89618644613890 ;     RT_SDP_CRC32_L ;  3 ;   1 ; 3551200000 ;    1 ;  278660486
 89618927290820 ;     RT_SDP_CRC32_L ;  3 ;   1 ; 3551200000 ;    1 ;  368025707
 89619299333286 ;     RT_SDP_CRC32_L ;  3 ;   1 ; 3551200000 ;    1 ;  368119054
 89619671468561 ;     RT_SDP_CRC32_L ;  3 ;   1 ; 3551200000 ;    1 ;  367769055
 89560031869322 ; RT_SDP_basicmath_S ;  4 ;   1 ;  231200000 ;    1 ;  371087848
 89560406970427 ; RT_SDP_basicmath_S ;  4 ;   1 ;  231200000 ;    1 ;  371099154
 89560782089917 ; RT_SDP_basicmath_S ;  4 ;   1 ;  231200000 ;    1 ;  371640810
 89561157744204 ; RT_SDP_basicmath_S ;  4 ;   1 ;  231200000 ;    1 ;  370977219
 89561532734643 ; RT_SDP_basicmath_S ;  4 ;   1 ;  231200000 ;    1 ;  372001649
 89561908749401 ; RT_SDP_basicmath_S ;  4 ;   1 ;  231200000 ;    1 ;  371911870
 89562284674338 ; RT_SDP_basicmath_S ;  4 ;   1 ;  231200000 ;    1 ;  371354818
 89562660043950 ; RT_SDP_basicmath_S ;  4 ;   1 ;  231200000 ;    1 ;  370708209
 89563034766667 ; RT_SDP_basicmath_S ;  4 ;   1 ;  231200000 ;    1 ;  371454623
 89563410236435 ; RT_SDP_basicmath_S ;  4 ;   1 ;  231200000 ;    1 ;  371358454
 89563785608011 ; RT_SDP_basicmath_S ;  4 ;   1 ;  231200000 ;    1 ;  370735519
 89564160357536 ; RT_SDP_basicmath_S ;  4 ;   1 ;  231200000 ;    1 ;  370766512
 89564535137339 ; RT_SDP_basicmath_S ;  4 ;   1 ;  231200000 ;    1 ;  371451596
 89564910609635 ; RT_SDP_basicmath_S ;  4 ;   1 ;  231200000 ;    1 ;  371165263
 89565285788474 ; RT_SDP_basicmath_S ;  4 ;   1 ;  231200000 ;    1 ;  371034654
 89565660843461 ; RT_SDP_basicmath_S ;  4 ;   1 ;  231200000 ;    1 ;  371730696
 89566036589362 ; RT_SDP_basicmath_S ;  4 ;   1 ;  231200000 ;    1 ;  371236277
 89566411838996 ; RT_SDP_basicmath_S ;  4 ;   1 ;  231200000 ;    1 ;  370432506
 89566786284372 ; RT_SDP_basicmath_S ;  4 ;   1 ;  231200000 ;    1 ;  371527863
 89567161825815 ; RT_SDP_basicmath_S ;  4 ;   1 ;  231200000 ;    1 ;  371098136
 89567536937749 ; RT_SDP_basicmath_S ;  4 ;   1 ;  231200000 ;    1 ;  371390245
 89567912341708 ; RT_SDP_basicmath_S ;  4 ;   1 ;  231200000 ;    1 ;  371665919
 89568288030712 ; RT_SDP_basicmath_S ;  4 ;   1 ;  231200000 ;    1 ;  371845670
 89568663889901 ; RT_SDP_basicmath_S ;  4 ;   1 ;  231200000 ;    1 ;  371787708
 89569039697448 ; RT_SDP_basicmath_S ;  4 ;   1 ;  231200000 ;    1 ;  371129262
 89569414841413 ; RT_SDP_basicmath_S ;  4 ;   1 ;  231200000 ;    1 ;  370842623
 89569789705014 ; RT_SDP_basicmath_S ;  4 ;   1 ;  231200000 ;    1 ;  371439045
 89570165164483 ; RT_SDP_basicmath_S ;  4 ;   1 ;  231200000 ;    1 ;  371878361
 89570541056404 ; RT_SDP_basicmath_S ;  4 ;   1 ;  231200000 ;    1 ;  370756717
 89570915826291 ; RT_SDP_basicmath_S ;  4 ;   1 ;  231200000 ;    1 ;  370703881
 89571290543802 ; RT_SDP_basicmath_S ;  4 ;   1 ;  231200000 ;    1 ;  372107794
 89571666673351 ; RT_SDP_basicmath_S ;  4 ;   1 ;  231200000 ;    1 ;  371446028
 89572042132476 ; RT_SDP_basicmath_S ;  4 ;   1 ;  231200000 ;    1 ;  371733276
 89572417878829 ; RT_SDP_basicmath_S ;  4 ;   1 ;  231200000 ;    1 ;  371788412
 89572793687590 ; RT_SDP_basicmath_S ;  4 ;   1 ;  231200000 ;    1 ;  370827780
 89573168530313 ; RT_SDP_basicmath_S ;  4 ;   1 ;  231200000 ;    1 ;  371345156
 89573543891499 ; RT_SDP_basicmath_S ;  4 ;   1 ;  231200000 ;    1 ;  371644250
 89573919549010 ; RT_SDP_basicmath_S ;  4 ;   1 ;  231200000 ;    1 ;  370979046
 89574294541299 ; RT_SDP_basicmath_S ;  4 ;   1 ;  231200000 ;    1 ;  371464239
 89574670019468 ; RT_SDP_basicmath_S ;  4 ;   1 ;  231200000 ;    1 ;  371725882
 89575045765840 ; RT_SDP_basicmath_S ;  4 ;   1 ;  231200000 ;    1 ;  370857829
 89575420638007 ; RT_SDP_basicmath_S ;  4 ;   1 ;  231200000 ;    1 ;  371398335
 89575796056467 ; RT_SDP_basicmath_S ;  4 ;   1 ;  231200000 ;    1 ;  370841093
 89576170918766 ; RT_SDP_basicmath_S ;  4 ;   1 ;  231200000 ;    1 ;  371872607
 89576546805144 ; RT_SDP_basicmath_S ;  4 ;   1 ;  231200000 ;    1 ;  370990027
 89576921808640 ; RT_SDP_basicmath_S ;  4 ;   1 ;  231200000 ;    1 ;  371084258
 89577296906059 ; RT_SDP_basicmath_S ;  4 ;   1 ;  231200000 ;    1 ;  370988419
 89577671914662 ; RT_SDP_basicmath_S ;  4 ;   1 ;  231200000 ;    1 ;  371733787
 89578047661959 ; RT_SDP_basicmath_S ;  4 ;   1 ;  231200000 ;    1 ;  371925910
 89578423601268 ; RT_SDP_basicmath_S ;  4 ;   1 ;  231200000 ;    1 ;  371059393
 89578798674623 ; RT_SDP_basicmath_S ;  4 ;   1 ;  231200000 ;    1 ;  372031243
 89579174719071 ; RT_SDP_basicmath_S ;  4 ;   1 ;  231200000 ;    1 ;  371928004
 89579550661117 ; RT_SDP_basicmath_S ;  4 ;   1 ;  231200000 ;    1 ;  374917675
 89579929589321 ; RT_SDP_basicmath_S ;  4 ;   1 ;  231200000 ;    1 ;  368399358
 89580301998386 ; RT_SDP_basicmath_S ;  4 ;   1 ;  231200000 ;    1 ;  368588043
 89580674596708 ; RT_SDP_basicmath_S ;  4 ;   1 ;  231200000 ;    1 ;  367865510
 89581046473712 ; RT_SDP_basicmath_S ;  4 ;   1 ;  231200000 ;    1 ;  368746940
 89581419230863 ; RT_SDP_basicmath_S ;  4 ;   1 ;  231200000 ;    1 ;  367737778
 89581790980007 ; RT_SDP_basicmath_S ;  4 ;   1 ;  231200000 ;    1 ;  368435606
 89582163427355 ; RT_SDP_basicmath_S ;  4 ;   1 ;  231200000 ;    1 ;  380246278
 89582547688074 ; RT_SDP_basicmath_S ;  4 ;   1 ;  231200000 ;    1 ;  367498442
 89582919200745 ; RT_SDP_basicmath_S ;  4 ;   1 ;  231200000 ;    1 ;  368701522
 89583291916740 ; RT_SDP_basicmath_S ;  4 ;   1 ;  231200000 ;    1 ;  368461560
 89583664392132 ; RT_SDP_basicmath_S ;  4 ;   1 ;  231200000 ;    1 ;  368281491
 89584036689918 ; RT_SDP_basicmath_S ;  4 ;   1 ;  231200000 ;    1 ;  431851306
 89584472556310 ; RT_SDP_basicmath_S ;  4 ;   1 ;  231200000 ;    1 ;  371147321
 89584847719210 ; RT_SDP_basicmath_S ;  4 ;   1 ;  231200000 ;    1 ;  367652913
 89585219387150 ; RT_SDP_basicmath_S ;  4 ;   1 ;  231200000 ;    1 ;  369600171
 89585593002313 ; RT_SDP_basicmath_S ;  4 ;   1 ;  231200000 ;    1 ;  368855074
 89585965871828 ; RT_SDP_basicmath_S ;  4 ;   1 ;  231200000 ;    1 ;  369197056
 89586339084280 ; RT_SDP_basicmath_S ;  4 ;   1 ;  231200000 ;    1 ;  368064158
 89586711163419 ; RT_SDP_basicmath_S ;  4 ;   1 ;  231200000 ;    1 ;  367882075
 89587083060199 ; RT_SDP_basicmath_S ;  4 ;   1 ;  231200000 ;    1 ;  369862549
 89587456938507 ; RT_SDP_basicmath_S ;  4 ;   1 ;  231200000 ;    1 ;  368903280
 89587829856794 ; RT_SDP_basicmath_S ;  4 ;   1 ;  231200000 ;    1 ;  367783674
 89588201656287 ; RT_SDP_basicmath_S ;  4 ;   1 ;  231200000 ;    1 ;  369022499
 89588574693923 ; RT_SDP_basicmath_S ;  4 ;   1 ;  231200000 ;    1 ;  368199636
 89588946908012 ; RT_SDP_basicmath_S ;  4 ;   1 ;  231200000 ;    1 ;  368193564
 89589319116169 ; RT_SDP_basicmath_S ;  4 ;   1 ;  231200000 ;    1 ;  367871559
 89589691003012 ; RT_SDP_basicmath_S ;  4 ;   1 ;  231200000 ;    1 ;  368939902
 89590063957580 ; RT_SDP_basicmath_S ;  4 ;   1 ;  231200000 ;    1 ;  368155787
 89590436129122 ; RT_SDP_basicmath_S ;  4 ;   1 ;  231200000 ;    1 ;  367766439
 89590807910367 ; RT_SDP_basicmath_S ;  4 ;   1 ;  231200000 ;    1 ;  368629005
 89591180557494 ; RT_SDP_basicmath_S ;  4 ;   1 ;  231200000 ;    1 ;  368445643
 89591553018518 ; RT_SDP_basicmath_S ;  4 ;   1 ;  231200000 ;    1 ;  368136096
 89591925169583 ; RT_SDP_basicmath_S ;  4 ;   1 ;  231200000 ;    1 ;  369306559
 89592298492683 ; RT_SDP_basicmath_S ;  4 ;   1 ;  231200000 ;    1 ;  368616393
 89592671124128 ; RT_SDP_basicmath_S ;  4 ;   1 ;  231200000 ;    1 ;  367743153
 89593042882289 ; RT_SDP_basicmath_S ;  4 ;   1 ;  231200000 ;    1 ;  369070736
 89593415967564 ; RT_SDP_basicmath_S ;  4 ;   1 ;  231200000 ;    1 ;  367718262
 89593787700663 ; RT_SDP_basicmath_S ;  4 ;   1 ;  231200000 ;    1 ;  369931877
 89594161649474 ; RT_SDP_basicmath_S ;  4 ;   1 ;  231200000 ;    1 ;  371174755
 89594536842973 ; RT_SDP_basicmath_S ;  4 ;   1 ;  231200000 ;    1 ;  368901203
 89594909760515 ; RT_SDP_basicmath_S ;  4 ;   1 ;  231200000 ;    1 ;  368601927
 89595282379117 ; RT_SDP_basicmath_S ;  4 ;   1 ;  231200000 ;    1 ;  369979828
 89595656375330 ; RT_SDP_basicmath_S ;  4 ;   1 ;  231200000 ;    1 ;  368238827
 89596028629997 ; RT_SDP_basicmath_S ;  4 ;   1 ;  231200000 ;    1 ;  368251246
 89596400898793 ; RT_SDP_basicmath_S ;  4 ;   1 ;  231200000 ;    1 ;  367309260
 89596772223930 ; RT_SDP_basicmath_S ;  4 ;   1 ;  231200000 ;    1 ;  367364604
 89597143604797 ; RT_SDP_basicmath_S ;  4 ;   1 ;  231200000 ;    1 ;  367501860
 89597515123240 ; RT_SDP_basicmath_S ;  4 ;   1 ;  231200000 ;    1 ;  368134173
 89597887273341 ; RT_SDP_basicmath_S ;  4 ;   1 ;  231200000 ;    1 ;  368253148
 89598259543058 ; RT_SDP_basicmath_S ;  4 ;   1 ;  231200000 ;    1 ;  368358524
 89598631918905 ; RT_SDP_basicmath_S ;  4 ;   1 ;  231200000 ;    1 ;  367189667
 89599003124580 ; RT_SDP_basicmath_S ;  4 ;   1 ;  231200000 ;    1 ;  367635430
 89599374776302 ; RT_SDP_basicmath_S ;  4 ;   1 ;  231200000 ;    1 ;  367444719
 89599746237553 ; RT_SDP_basicmath_S ;  4 ;   1 ;  231200000 ;    1 ;  367969027
 89600118222404 ; RT_SDP_basicmath_S ;  4 ;   1 ;  231200000 ;    1 ;  367393154
 89600489632540 ; RT_SDP_basicmath_S ;  4 ;   1 ;  231200000 ;    1 ;  375940002
 89600869588340 ; RT_SDP_basicmath_S ;  4 ;   1 ;  231200000 ;    1 ;  367354356
 89601240961146 ; RT_SDP_basicmath_S ;  4 ;   1 ;  231200000 ;    1 ;  368046158
 89601613026707 ; RT_SDP_basicmath_S ;  4 ;   1 ;  231200000 ;    1 ;  367981324
 89601985024915 ; RT_SDP_basicmath_S ;  4 ;   1 ;  231200000 ;    1 ;  369031460
 89602358072353 ; RT_SDP_basicmath_S ;  4 ;   1 ;  231200000 ;    1 ;  368302231
 89602730390502 ; RT_SDP_basicmath_S ;  4 ;   1 ;  231200000 ;    1 ;  368095537
 89603102502135 ; RT_SDP_basicmath_S ;  4 ;   1 ;  231200000 ;    1 ;  368655552
 89603475173537 ; RT_SDP_basicmath_S ;  4 ;   1 ;  231200000 ;    1 ;  367618002
 89603846808037 ; RT_SDP_basicmath_S ;  4 ;   1 ;  231200000 ;    1 ;  367021382
 89604217845789 ; RT_SDP_basicmath_S ;  4 ;   1 ;  231200000 ;    1 ;  368519449
 89604590381964 ; RT_SDP_basicmath_S ;  4 ;   1 ;  231200000 ;    1 ;  367171983
 89604961570933 ; RT_SDP_basicmath_S ;  4 ;   1 ;  231200000 ;    1 ;  368855864
 89605334443015 ; RT_SDP_basicmath_S ;  4 ;   1 ;  231200000 ;    1 ;  368615874
 89605707076393 ; RT_SDP_basicmath_S ;  4 ;   1 ;  231200000 ;    1 ;  367741201
 89606078834609 ; RT_SDP_basicmath_S ;  4 ;   1 ;  231200000 ;    1 ;  368456337
 89606451308381 ; RT_SDP_basicmath_S ;  4 ;   1 ;  231200000 ;    1 ;  367620491
 89606822946459 ; RT_SDP_basicmath_S ;  4 ;   1 ;  231200000 ;    1 ;  368755145
 89607195718742 ; RT_SDP_basicmath_S ;  4 ;   1 ;  231200000 ;    1 ;  367651004
 89607567387744 ; RT_SDP_basicmath_S ;  4 ;   1 ;  231200000 ;    1 ;  368367036
 89607939772221 ; RT_SDP_basicmath_S ;  4 ;   1 ;  231200000 ;    1 ;  368788725
 89608312578140 ; RT_SDP_basicmath_S ;  4 ;   1 ;  231200000 ;    1 ;  368965660
 89608685560831 ; RT_SDP_basicmath_S ;  4 ;   1 ;  231200000 ;    1 ;  368321687
 89609057899072 ; RT_SDP_basicmath_S ;  4 ;   1 ;  231200000 ;    1 ;  368702527
 89609430618479 ; RT_SDP_basicmath_S ;  4 ;   1 ;  231200000 ;    1 ;  367333562
 89609801969016 ; RT_SDP_basicmath_S ;  4 ;   1 ;  231200000 ;    1 ;  368231298
 89610174217203 ; RT_SDP_basicmath_S ;  4 ;   1 ;  231200000 ;    1 ;  368530264
 89610546765831 ; RT_SDP_basicmath_S ;  4 ;   1 ;  231200000 ;    1 ;  368545712
 89610919328202 ; RT_SDP_basicmath_S ;  4 ;   1 ;  231200000 ;    1 ;  368836490
 89611292181415 ; RT_SDP_basicmath_S ;  4 ;   1 ;  231200000 ;    1 ;  368532882
 89611664730876 ; RT_SDP_basicmath_S ;  4 ;   1 ;  231200000 ;    1 ;  367363912
 89612036111539 ; RT_SDP_basicmath_S ;  4 ;   1 ;  231200000 ;    1 ;  368990688
 89612409121364 ; RT_SDP_basicmath_S ;  4 ;   1 ;  231200000 ;    1 ;  368507604
 89612781645732 ; RT_SDP_basicmath_S ;  4 ;   1 ;  231200000 ;    1 ;  367763162
 89613153425458 ; RT_SDP_basicmath_S ;  4 ;   1 ;  231200000 ;    1 ;  368169487
 89613525612193 ; RT_SDP_basicmath_S ;  4 ;   1 ;  231200000 ;    1 ;  367730513
 89613897359472 ; RT_SDP_basicmath_S ;  4 ;   1 ;  231200000 ;    1 ;  368087398
 89614269463405 ; RT_SDP_basicmath_S ;  4 ;   1 ;  231200000 ;    1 ;  367622108
 89614641103078 ; RT_SDP_basicmath_S ;  4 ;   1 ;  231200000 ;    1 ;  368504615
 89615013624893 ; RT_SDP_basicmath_S ;  4 ;   1 ;  231200000 ;    1 ;  368870430
 89615386511640 ; RT_SDP_basicmath_S ;  4 ;   1 ;  231200000 ;    1 ;  367417043
 89615757946336 ; RT_SDP_basicmath_S ;  4 ;   1 ;  231200000 ;    1 ;  367625726
 89616129589415 ; RT_SDP_basicmath_S ;  4 ;   1 ;  231200000 ;    1 ;  367743523
 89616501349880 ; RT_SDP_basicmath_S ;  4 ;   1 ;  231200000 ;    1 ;  367791732
 89616873159310 ; RT_SDP_basicmath_S ;  4 ;   1 ;  231200000 ;    1 ;  368263757
 89617245439804 ; RT_SDP_basicmath_S ;  4 ;   1 ;  231200000 ;    1 ;  368270511
 89617617727006 ; RT_SDP_basicmath_S ;  4 ;   1 ;  231200000 ;    1 ;  367971902
 89617989715609 ; RT_SDP_basicmath_S ;  4 ;   1 ;  231200000 ;    1 ;  363760294
 89618357491148 ; RT_SDP_basicmath_S ;  4 ;   1 ;  231200000 ;    1 ;  368635047
 89618730138202 ; RT_SDP_basicmath_S ;  4 ;   1 ;  231200000 ;    1 ;  375195039
 89619109345245 ; RT_SDP_basicmath_S ;  4 ;   1 ;  231200000 ;    1 ;  368138406
 89619481496124 ; RT_SDP_basicmath_S ;  4 ;   1 ;  231200000 ;    1 ;  368430462
 89560031858872 ;     RT_SDP_qsort_L ;  5 ;   1 ;  555200000 ;    1 ;  371052499
 89560406924655 ;     RT_SDP_qsort_L ;  5 ;   1 ;  555200000 ;    1 ;  371097932
 89560782035923 ;     RT_SDP_qsort_L ;  5 ;   1 ;  555200000 ;    1 ;  371648090
 89561157697272 ;     RT_SDP_qsort_L ;  5 ;   1 ;  555200000 ;    1 ;  370980103
 89561532691323 ;     RT_SDP_qsort_L ;  5 ;   1 ;  555200000 ;    1 ;  371999480
 89561908704281 ;     RT_SDP_qsort_L ;  5 ;   1 ;  555200000 ;    1 ;  371904899
 89562284624894 ;     RT_SDP_qsort_L ;  5 ;   1 ;  555200000 ;    1 ;  371358717
 89562659997478 ;     RT_SDP_qsort_L ;  5 ;   1 ;  555200000 ;    1 ;  370710372
 89563034721646 ;     RT_SDP_qsort_L ;  5 ;   1 ;  555200000 ;    1 ;  371456515
 89563410192090 ;     RT_SDP_qsort_L ;  5 ;   1 ;  555200000 ;    1 ;  371360197
 89563785565788 ;     RT_SDP_qsort_L ;  5 ;   1 ;  555200000 ;    1 ;  370729837
 89564160308924 ;     RT_SDP_qsort_L ;  5 ;   1 ;  555200000 ;    1 ;  370769669
 89564535092175 ;     RT_SDP_qsort_L ;  5 ;   1 ;  555200000 ;    1 ;  371450644
 89564910555868 ;     RT_SDP_qsort_L ;  5 ;   1 ;  555200000 ;    1 ;  371172808
 89565285742100 ;     RT_SDP_qsort_L ;  5 ;   1 ;  555200000 ;    1 ;  371035339
 89565660790457 ;     RT_SDP_qsort_L ;  5 ;   1 ;  555200000 ;    1 ;  371735085
 89566036537022 ;     RT_SDP_qsort_L ;  5 ;   1 ;  555200000 ;    1 ;  371238129
 89566411787994 ;     RT_SDP_qsort_L ;  5 ;   1 ;  555200000 ;    1 ;  370436100
 89566786237750 ;     RT_SDP_qsort_L ;  5 ;   1 ;  555200000 ;    1 ;  371529174
 89567161780028 ;     RT_SDP_qsort_L ;  5 ;   1 ;  555200000 ;    1 ;  371099727
 89567536893512 ;     RT_SDP_qsort_L ;  5 ;   1 ;  555200000 ;    1 ;  371387904
 89567912294839 ;     RT_SDP_qsort_L ;  5 ;   1 ;  555200000 ;    1 ;  371665854
 89568287974021 ;     RT_SDP_qsort_L ;  5 ;   1 ;  555200000 ;    1 ;  371855262
 89568663842040 ;     RT_SDP_qsort_L ;  5 ;   1 ;  555200000 ;    1 ;  371790439
 89569039645743 ;     RT_SDP_qsort_L ;  5 ;   1 ;  555200000 ;    1 ;  371135206
 89569414794684 ;     RT_SDP_qsort_L ;  5 ;   1 ;  555200000 ;    1 ;  370843074
 89569789650952 ;     RT_SDP_qsort_L ;  5 ;   1 ;  555200000 ;    1 ;  371446262
 89570165110369 ;     RT_SDP_qsort_L ;  5 ;   1 ;  555200000 ;    1 ;  371887526
 89570541011572 ;     RT_SDP_qsort_L ;  5 ;   1 ;  555200000 ;    1 ;  370757319
 89570915782344 ;     RT_SDP_qsort_L ;  5 ;   1 ;  555200000 ;    1 ;  370700456
 89571290495813 ;     RT_SDP_qsort_L ;  5 ;   1 ;  555200000 ;    1 ;  372109184
 89571666617886 ;     RT_SDP_qsort_L ;  5 ;   1 ;  555200000 ;    1 ;  371454812
 89572042086499 ;     RT_SDP_qsort_L ;  5 ;   1 ;  555200000 ;    1 ;  371734159
 89572417834358 ;     RT_SDP_qsort_L ;  5 ;   1 ;  555200000 ;    1 ;  371782589
 89572793628940 ;     RT_SDP_qsort_L ;  5 ;   1 ;  555200000 ;    1 ;  370839999
 89573168482609 ;     RT_SDP_qsort_L ;  5 ;   1 ;  555200000 ;    1 ;  371347890
 89573543843580 ;     RT_SDP_qsort_L ;  5 ;   1 ;  555200000 ;    1 ;  371645849
 89573919503491 ;     RT_SDP_qsort_L ;  5 ;   1 ;  555200000 ;    1 ;  370981063
 89574294497647 ;     RT_SDP_qsort_L ;  5 ;   1 ;  555200000 ;    1 ;  371462524
 89574669973745 ;     RT_SDP_qsort_L ;  5 ;   1 ;  555200000 ;    1 ;  371726998
 89575045713616 ;     RT_SDP_qsort_L ;  5 ;   1 ;  555200000 ;    1 ;  370861686
 89575420591549 ;     RT_SDP_qsort_L ;  5 ;   1 ;  555200000 ;    1 ;  371398910
 89575796004249 ;     RT_SDP_qsort_L ;  5 ;   1 ;  555200000 ;    1 ;  370847124
 89576170864303 ;     RT_SDP_qsort_L ;  5 ;   1 ;  555200000 ;    1 ;  371882481
 89576546760450 ;     RT_SDP_qsort_L ;  5 ;   1 ;  555200000 ;    1 ;  370987905
 89576921761885 ;     RT_SDP_qsort_L ;  5 ;   1 ;  555200000 ;    1 ;  371084445
 89577296859451 ;     RT_SDP_qsort_L ;  5 ;   1 ;  555200000 ;    1 ;  370989623
 89577671861879 ;     RT_SDP_qsort_L ;  5 ;   1 ;  555200000 ;    1 ;  371740990
 89578047616421 ;     RT_SDP_qsort_L ;  5 ;   1 ;  555200000 ;    1 ;  371925829
 89578423555845 ;     RT_SDP_qsort_L ;  5 ;   1 ;  555200000 ;    1 ;  371058381
 89578798627355 ;     RT_SDP_qsort_L ;  5 ;   1 ;  555200000 ;    1 ;  372033518
 89579174674328 ;     RT_SDP_qsort_L ;  5 ;   1 ;  555200000 ;    1 ;  371308255
 89579549995538 ;     RT_SDP_qsort_L ;  5 ;   1 ;  555200000 ;    1 ;  370574830
 89579924587308 ;     RT_SDP_qsort_L ;  5 ;   1 ;  555200000 ;    1 ;  368426232
 89580297029866 ;     RT_SDP_qsort_L ;  5 ;   1 ;  555200000 ;    1 ;  368600926
 89580669646785 ;     RT_SDP_qsort_L ;  5 ;   1 ;  555200000 ;    1 ;  367860661
 89581041523309 ;     RT_SDP_qsort_L ;  5 ;   1 ;  555200000 ;    1 ;  368725488
 89581414265438 ;     RT_SDP_qsort_L ;  5 ;   1 ;  555200000 ;    1 ;  367759838
 89581786040498 ;     RT_SDP_qsort_L ;  5 ;   1 ;  555200000 ;    1 ;  368425183
 89582158481043 ;     RT_SDP_qsort_L ;  5 ;   1 ;  555200000 ;    1 ;  355257895
 89582517756274 ;     RT_SDP_qsort_L ;  5 ;   1 ;  555200000 ;    1 ;  367874847
 89582889646646 ;     RT_SDP_qsort_L ;  5 ;   1 ;  555200000 ;    1 ;  368619936
 89583262283259 ;     RT_SDP_qsort_L ;  5 ;   1 ;  555200000 ;    1 ;  368573110
 89583634872157 ;     RT_SDP_qsort_L ;  5 ;   1 ;  555200000 ;    1 ;  368304184
 89584007191830 ;     RT_SDP_qsort_L ;  5 ;   1 ;  555200000 ;    1 ;  324359983
 89584335568132 ;     RT_SDP_qsort_L ;  5 ;   1 ;  555200000 ;    1 ;  315059637
 89584654646273 ;     RT_SDP_qsort_L ;  5 ;   1 ;  555200000 ;    1 ;  366084537
 89585024745351 ;     RT_SDP_qsort_L ;  5 ;   1 ;  555200000 ;    1 ;  368532381
 89585397293426 ;     RT_SDP_qsort_L ;  5 ;   1 ;  555200000 ;    1 ;  369496578
 89585770804556 ;     RT_SDP_qsort_L ;  5 ;   1 ;  555200000 ;    1 ;  368883561
 89586143703589 ;     RT_SDP_qsort_L ;  5 ;   1 ;  555200000 ;    1 ;  368363494
 89586516082226 ;     RT_SDP_qsort_L ;  5 ;   1 ;  555200000 ;    1 ;  367990658
 89586888087710 ;     RT_SDP_qsort_L ;  5 ;   1 ;  555200000 ;    1 ;  368812201
 89587260915482 ;     RT_SDP_qsort_L ;  5 ;   1 ;  555200000 ;    1 ;  369809722
 89587634739213 ;     RT_SDP_qsort_L ;  5 ;   1 ;  555200000 ;    1 ;  368211254
 89588006964756 ;     RT_SDP_qsort_L ;  5 ;   1 ;  555200000 ;    1 ;  368532289
 89588379512635 ;     RT_SDP_qsort_L ;  5 ;   1 ;  555200000 ;    1 ;  368196604
 89588751724391 ;     RT_SDP_qsort_L ;  5 ;   1 ;  555200000 ;    1 ;  368186067
 89589123925490 ;     RT_SDP_qsort_L ;  5 ;   1 ;  555200000 ;    1 ;  368175860
 89589496116568 ;     RT_SDP_qsort_L ;  5 ;   1 ;  555200000 ;    1 ;  368656338
 89589868787945 ;     RT_SDP_qsort_L ;  5 ;   1 ;  555200000 ;    1 ;  368183645
 89590240986290 ;     RT_SDP_qsort_L ;  5 ;   1 ;  555200000 ;    1 ;  368174393
 89590613175578 ;     RT_SDP_qsort_L ;  5 ;   1 ;  555200000 ;    1 ;  368600491
 89590985791031 ;     RT_SDP_qsort_L ;  5 ;   1 ;  555200000 ;    1 ;  367913916
 89591357720912 ;     RT_SDP_qsort_L ;  5 ;   1 ;  555200000 ;    1 ;  368266921
 89591730002576 ;     RT_SDP_qsort_L ;  5 ;   1 ;  555200000 ;    1 ;  368984642
 89592103002133 ;     RT_SDP_qsort_L ;  5 ;   1 ;  555200000 ;    1 ;  369257989
 89592476275218 ;     RT_SDP_qsort_L ;  5 ;   1 ;  555200000 ;    1 ;  367878241
 89592848167559 ;     RT_SDP_qsort_L ;  5 ;   1 ;  555200000 ;    1 ;  368488445
 89593220670961 ;     RT_SDP_qsort_L ;  5 ;   1 ;  555200000 ;    1 ;  368321163
 89593593006856 ;     RT_SDP_qsort_L ;  5 ;   1 ;  555200000 ;    1 ;  368412650
 89593965434275 ;     RT_SDP_qsort_L ;  5 ;   1 ;  555200000 ;    1 ;  197157976
 89594166604753 ;     RT_SDP_qsort_L ;  5 ;   1 ;  555200000 ;    1 ;  367651647
 89594538267734 ;     RT_SDP_qsort_L ;  5 ;   1 ;  555200000 ;    1 ;  367507193
 89594909785453 ;     RT_SDP_qsort_L ;  5 ;   1 ;  555200000 ;    1 ;  368609241
 89595282405854 ;     RT_SDP_qsort_L ;  5 ;   1 ;  555200000 ;    1 ;  369984340
 89595656402496 ;     RT_SDP_qsort_L ;  5 ;   1 ;  555200000 ;    1 ;  368242738
 89596028656398 ;     RT_SDP_qsort_L ;  5 ;   1 ;  555200000 ;    1 ;  368259313
 89596400928813 ;     RT_SDP_qsort_L ;  5 ;   1 ;  555200000 ;    1 ;  367309990
 89596772249713 ;     RT_SDP_qsort_L ;  5 ;   1 ;  555200000 ;    1 ;  367370237
 89597143630210 ;     RT_SDP_qsort_L ;  5 ;   1 ;  555200000 ;    1 ;  367507559
 89597515148558 ;     RT_SDP_qsort_L ;  5 ;   1 ;  555200000 ;    1 ;  368139728
 89597887299219 ;     RT_SDP_qsort_L ;  5 ;   1 ;  555200000 ;    1 ;  368259201
 89598259569156 ;     RT_SDP_qsort_L ;  5 ;   1 ;  555200000 ;    1 ;  368367484
 89598631948866 ;     RT_SDP_qsort_L ;  5 ;   1 ;  555200000 ;    1 ;  367190726
 89599003150005 ;     RT_SDP_qsort_L ;  5 ;   1 ;  555200000 ;    1 ;  367641010
 89599374802497 ;     RT_SDP_qsort_L ;  5 ;   1 ;  555200000 ;    1 ;  367449706
 89599746263293 ;     RT_SDP_qsort_L ;  5 ;   1 ;  555200000 ;    1 ;  367974010
 89600118248374 ;     RT_SDP_qsort_L ;  5 ;   1 ;  555200000 ;    1 ;  367400023
 89600489659855 ;     RT_SDP_qsort_L ;  5 ;   1 ;  555200000 ;    1 ;  375943361
 89600869613726 ;     RT_SDP_qsort_L ;  5 ;   1 ;  555200000 ;    1 ;  367365883
 89601240993386 ;     RT_SDP_qsort_L ;  5 ;   1 ;  555200000 ;    1 ;  368054354
 89601613061347 ;     RT_SDP_qsort_L ;  5 ;   1 ;  555200000 ;    1 ;  367983341
 89601985059248 ;     RT_SDP_qsort_L ;  5 ;   1 ;  555200000 ;    1 ;  369027993
 89602358097516 ;     RT_SDP_qsort_L ;  5 ;   1 ;  555200000 ;    1 ;  368308769
 89602730417117 ;     RT_SDP_qsort_L ;  5 ;   1 ;  555200000 ;    1 ;  368100593
 89603102529149 ;     RT_SDP_qsort_L ;  5 ;   1 ;  555200000 ;    1 ;  368659008
 89603475199480 ;     RT_SDP_qsort_L ;  5 ;   1 ;  555200000 ;    1 ;  367623056
 89603846833728 ;     RT_SDP_qsort_L ;  5 ;   1 ;  555200000 ;    1 ;  637102891
 89604487952762 ;     RT_SDP_qsort_L ;  5 ;   1 ;  555200000 ;    1 ;  367769257
 89604859736672 ;     RT_SDP_qsort_L ;  5 ;   1 ;  555200000 ;    1 ;  368256481
 89605232008250 ;     RT_SDP_qsort_L ;  5 ;   1 ;  555200000 ;    1 ;  368566424
 89605604591732 ;     RT_SDP_qsort_L ;  5 ;   1 ;  555200000 ;    1 ;  367820508
 89605976426780 ;     RT_SDP_qsort_L ;  5 ;   1 ;  555200000 ;    1 ;  368625823
 89606349069573 ;     RT_SDP_qsort_L ;  5 ;   1 ;  555200000 ;    1 ;  367429858
 89606720514126 ;     RT_SDP_qsort_L ;  5 ;   1 ;  555200000 ;    1 ;  368795765
 89607093324569 ;     RT_SDP_qsort_L ;  5 ;   1 ;  555200000 ;    1 ;  367884827
 89607465224779 ;     RT_SDP_qsort_L ;  5 ;   1 ;  555200000 ;    1 ;  368300198
 89607837539960 ;     RT_SDP_qsort_L ;  5 ;   1 ;  555200000 ;    1 ;  368439723
 89608209994848 ;     RT_SDP_qsort_L ;  5 ;   1 ;  555200000 ;    1 ;  368612510
 89608582622745 ;     RT_SDP_qsort_L ;  5 ;   1 ;  555200000 ;    1 ;  368941595
 89608955579727 ;     RT_SDP_qsort_L ;  5 ;   1 ;  555200000 ;    1 ;  368500522
 89609328096772 ;     RT_SDP_qsort_L ;  5 ;   1 ;  555200000 ;    1 ;  367786040
 89609699898021 ;     RT_SDP_qsort_L ;  5 ;   1 ;  555200000 ;    1 ;  368157671
 89610072070059 ;     RT_SDP_qsort_L ;  5 ;   1 ;  555200000 ;    1 ;  368356879
 89610444443470 ;     RT_SDP_qsort_L ;  5 ;   1 ;  555200000 ;    1 ;  368442328
 89610816900933 ;     RT_SDP_qsort_L ;  5 ;   1 ;  555200000 ;    1 ;  368502158
 89611189418908 ;     RT_SDP_qsort_L ;  5 ;   1 ;  555200000 ;    1 ;  368900274
 89611562334416 ;     RT_SDP_qsort_L ;  5 ;   1 ;  555200000 ;    1 ;  367591883
 89611933940398 ;     RT_SDP_qsort_L ;  5 ;   1 ;  555200000 ;    1 ;  368386486
 89612306341680 ;     RT_SDP_qsort_L ;  5 ;   1 ;  555200000 ;    1 ;  368924919
 89612679281113 ;     RT_SDP_qsort_L ;  5 ;   1 ;  555200000 ;    1 ;  367850755
 89613051145779 ;     RT_SDP_qsort_L ;  5 ;   1 ;  555200000 ;    1 ;  367681405
 89613422844071 ;     RT_SDP_qsort_L ;  5 ;   1 ;  555200000 ;    1 ;  368040130
 89613794898199 ;     RT_SDP_qsort_L ;  5 ;   1 ;  555200000 ;    1 ;  367952477
 89614166865172 ;     RT_SDP_qsort_L ;  5 ;   1 ;  555200000 ;    1 ;  368026315
 89614538906641 ;     RT_SDP_qsort_L ;  5 ;   1 ;  555200000 ;    1 ;  368301250
 89614911221828 ;     RT_SDP_qsort_L ;  5 ;   1 ;  555200000 ;    1 ;  368767333
 89615284006614 ;     RT_SDP_qsort_L ;  5 ;   1 ;  555200000 ;    1 ;  367730797
 89615655751857 ;     RT_SDP_qsort_L ;  5 ;   1 ;  555200000 ;    1 ;  367463750
 89616027230015 ;     RT_SDP_qsort_L ;  5 ;   1 ;  555200000 ;    1 ;  367650404
 89616398894412 ;     RT_SDP_qsort_L ;  5 ;   1 ;  555200000 ;    1 ;  368405399
 89616771313588 ;     RT_SDP_qsort_L ;  5 ;   1 ;  555200000 ;    1 ;  367982151
 89617143310543 ;     RT_SDP_qsort_L ;  5 ;   1 ;  555200000 ;    1 ;  368205558
 89617515531714 ;     RT_SDP_qsort_L ;  5 ;   1 ;  555200000 ;    1 ;  368217831
 89617887763538 ;     RT_SDP_qsort_L ;  5 ;   1 ;  555200000 ;    1 ;  333946357
 89618225725558 ;     RT_SDP_qsort_L ;  5 ;   1 ;  555200000 ;    1 ;  126346746
 89618356084384 ;     RT_SDP_qsort_L ;  5 ;   1 ;  555200000 ;    1 ;  370026874
 89618730122141 ;     RT_SDP_qsort_L ;  5 ;   1 ;  555200000 ;    1 ;  375196296
 89619109329011 ;     RT_SDP_qsort_L ;  5 ;   1 ;  555200000 ;    1 ;  368141093
 89619481480599 ;     RT_SDP_qsort_L ;  5 ;   1 ;  555200000 ;    1 ;  368430718
