      timestamp ;                  name ; ID ; HRT ;   deadline ; aff. ;   duration
  2305186332636 ; RT_IP_susan_L_corners ;  3 ;   1 ;  192000000 ;    1 ;  966184969
  2306156527285 ; RT_IP_susan_L_corners ;  3 ;   1 ;  192000000 ;    1 ;  124613759
  2306285151203 ; RT_IP_susan_L_corners ;  3 ;   1 ;  192000000 ;    1 ;  664291545
  2306953454237 ; RT_IP_susan_L_corners ;  3 ;   1 ;  192000000 ;    1 ;  773093699
  2307730556350 ; RT_IP_susan_L_corners ;  3 ;   1 ;  192000000 ;    1 ;  749835072
  2308484398549 ; RT_IP_susan_L_corners ;  3 ;   1 ;  192000000 ;    1 ;  679337431
  2305186329961 ;  RT_IP_susan_L_smooth ;  1 ;   1 ;  200000000 ;    1 ;  914504861
  2306104842699 ;  RT_IP_susan_L_smooth ;  1 ;   1 ;  200000000 ;    1 ;   45270970
  2306154120465 ;  RT_IP_susan_L_smooth ;  1 ;   1 ;  200000000 ;    1 ;  501777386
  2306659906232 ;  RT_IP_susan_L_smooth ;  1 ;   1 ;  200000000 ;    1 ;  729167699
  2307393085595 ;  RT_IP_susan_L_smooth ;  1 ;   1 ;  200000000 ;    1 ;  724094765
  2308121191116 ;  RT_IP_susan_L_smooth ;  1 ;   1 ;  200000000 ;    1 ;  709659482
  2308834859039 ;  RT_IP_susan_L_smooth ;  1 ;   1 ;  200000000 ;    1 ;  516118061
  2305186327955 ;   RT_IP_susan_L_edges ;  2 ;   1 ;  200000000 ;    1 ;  914494979
  2306104834025 ;   RT_IP_susan_L_edges ;  2 ;   1 ;  200000000 ;    1 ;   45267877
  2306154110714 ;   RT_IP_susan_L_edges ;  2 ;   1 ;  200000000 ;    1 ;  501778457
  2306659895681 ;   RT_IP_susan_L_edges ;  2 ;   1 ;  200000000 ;    1 ;  729168828
  2307393071833 ;   RT_IP_susan_L_edges ;  2 ;   1 ;  200000000 ;    1 ;  724099770
  2308121178686 ;   RT_IP_susan_L_edges ;  2 ;   1 ;  200000000 ;    1 ;  709660262
  2308834847188 ;   RT_IP_susan_L_edges ;  2 ;   1 ;  200000000 ;    1 ;  516120380
  2305186324379 ;      RT_IP_dijkstra_S ;  6 ;   1 ;  213600000 ;    1 ;  856993618
  2306047329899 ;      RT_IP_dijkstra_S ;  6 ;   1 ;  213600000 ;    1 ;    9819151
  2306061157740 ;      RT_IP_dijkstra_S ;  6 ;   1 ;  213600000 ;    1 ;  490121301
  2306555292688 ;      RT_IP_dijkstra_S ;  6 ;   1 ;  213600000 ;    1 ;  833261965
  2307392563452 ;      RT_IP_dijkstra_S ;  6 ;   1 ;  213600000 ;    1 ;  724105387
  2308120679048 ;      RT_IP_dijkstra_S ;  6 ;   1 ;  213600000 ;    1 ;  676668693
  2308801362873 ;      RT_IP_dijkstra_S ;  6 ;   1 ;  213600000 ;    1 ;  549102950
  2305186321711 ;     RT_IP_basicmath_S ;  5 ;   1 ;  231200000 ;    1 ;  833200457
  2306023532875 ;     RT_IP_basicmath_S ;  5 ;   1 ;  231200000 ;    1 ;   11170940
  2306038714008 ;     RT_IP_basicmath_S ;  5 ;   1 ;  231200000 ;    1 ;  503164451
  2306545888356 ;     RT_IP_basicmath_S ;  5 ;   1 ;  231200000 ;    1 ;  832963330
  2307382862131 ;     RT_IP_basicmath_S ;  5 ;   1 ;  231200000 ;    1 ;  724393920
  2308111266063 ;     RT_IP_basicmath_S ;  5 ;   1 ;  231200000 ;    1 ;  676679141
  2308791955096 ;     RT_IP_basicmath_S ;  5 ;   1 ;  231200000 ;    1 ;  548790529
  2309344755713 ;     RT_IP_basicmath_S ;  5 ;   1 ;  231200000 ;    1 ;  106604157
  2305186317801 ;          RT_IP_jpeg_L ;  7 ;   1 ;  307200000 ;    1 ;  796098601
  2305986428322 ;          RT_IP_jpeg_L ;  7 ;   1 ;  307200000 ;    1 ;   22375313
  2306012814059 ;          RT_IP_jpeg_L ;  7 ;   1 ;  307200000 ;    1 ;  464701337
  2306481527729 ;          RT_IP_jpeg_L ;  7 ;   1 ;  307200000 ;    1 ;  707012889
  2307192552198 ;          RT_IP_jpeg_L ;  7 ;   1 ;  307200000 ;    1 ;  850069521
  2308046632639 ;          RT_IP_jpeg_L ;  7 ;   1 ;  307200000 ;    1 ;  685375477
  2308736017544 ;          RT_IP_jpeg_L ;  7 ;   1 ;  307200000 ;    1 ;  592653310
  2309332681955 ;          RT_IP_jpeg_L ;  7 ;   1 ;  307200000 ;    1 ;  110481617
  2309447170908 ;          RT_IP_jpeg_L ;  7 ;   1 ;  307200000 ;    1 ; 19299757100
  2328750936383 ;          RT_IP_jpeg_L ;  7 ;   1 ;  307200000 ;    1 ; 17888338372
  2346643285057 ;          RT_IP_jpeg_L ;  7 ;   1 ;  307200000 ;    1 ; 17875181556
  2305186315253 ;         RT_IP_adpcm_S ;  8 ;   1 ;  317600000 ;    1 ;  345490961
  2305535815219 ;         RT_IP_adpcm_S ;  8 ;   1 ;  317600000 ;    1 ;  343764583
  2305883590946 ;         RT_IP_adpcm_S ;  8 ;   1 ;  317600000 ;    1 ;  363683428
  2306251283814 ;         RT_IP_adpcm_S ;  8 ;   1 ;  317600000 ;    1 ;  642631043
  2306897924877 ;         RT_IP_adpcm_S ;  8 ;   1 ;  317600000 ;    1 ;  772226584
  2307674160943 ;         RT_IP_adpcm_S ;  8 ;   1 ;  317600000 ;    1 ;  805974979
  2308484145359 ;         RT_IP_adpcm_S ;  8 ;   1 ;  317600000 ;    1 ;  626686883
  2309114840517 ;         RT_IP_adpcm_S ;  8 ;   1 ;  317600000 ;    1 ;  309505798
  2309428354421 ;         RT_IP_adpcm_S ;  8 ;   1 ;  317600000 ;    1 ;  373718808
  2309806085095 ;         RT_IP_adpcm_S ;  8 ;   1 ;  317600000 ;    1 ;  350696284
  2310160792702 ;         RT_IP_adpcm_S ;  8 ;   1 ;  317600000 ;    1 ;  347401830
  2310512207351 ;         RT_IP_adpcm_S ;  8 ;   1 ;  317600000 ;    1 ;  345012543
  2310861232396 ;         RT_IP_adpcm_S ;  8 ;   1 ;  317600000 ;    1 ;  346692042
  2311211935864 ;         RT_IP_adpcm_S ;  8 ;   1 ;  317600000 ;    1 ;  348391057
  2311564338287 ;         RT_IP_adpcm_S ;  8 ;   1 ;  317600000 ;    1 ;  347098985
  2311915449087 ;         RT_IP_adpcm_S ;  8 ;   1 ;  317600000 ;    1 ;  344202450
  2312263663750 ;         RT_IP_adpcm_S ;  8 ;   1 ;  317600000 ;    1 ;  348111216
  2312615786243 ;         RT_IP_adpcm_S ;  8 ;   1 ;  317600000 ;    1 ;  348966024
  2312968763598 ;         RT_IP_adpcm_S ;  8 ;   1 ;  317600000 ;    1 ;  346489603
  2313319262316 ;         RT_IP_adpcm_S ;  8 ;   1 ;  317600000 ;    1 ;  344554894
  2313667829500 ;         RT_IP_adpcm_S ;  8 ;   1 ;  317600000 ;    1 ;  349099038
  2314020940921 ;         RT_IP_adpcm_S ;  8 ;   1 ;  317600000 ;    1 ;  348948030
  2314373897865 ;         RT_IP_adpcm_S ;  8 ;   1 ;  317600000 ;    1 ;  345312214
  2314723221550 ;         RT_IP_adpcm_S ;  8 ;   1 ;  317600000 ;    1 ;  345554465
  2315072785104 ;         RT_IP_adpcm_S ;  8 ;   1 ;  317600000 ;    1 ;  349134450
  2315425928235 ;         RT_IP_adpcm_S ;  8 ;   1 ;  317600000 ;    1 ;  348293458
  2315778231152 ;         RT_IP_adpcm_S ;  8 ;   1 ;  317600000 ;    1 ;  344665275
  2316126905969 ;         RT_IP_adpcm_S ;  8 ;   1 ;  317600000 ;    1 ;  346750060
  2316477665281 ;         RT_IP_adpcm_S ;  8 ;   1 ;  317600000 ;    1 ;  348616098
  2316830290396 ;         RT_IP_adpcm_S ;  8 ;   1 ;  317600000 ;    1 ;  347206899
  2317181506882 ;         RT_IP_adpcm_S ;  8 ;   1 ;  317600000 ;    1 ;  344397933
  2317529913897 ;         RT_IP_adpcm_S ;  8 ;   1 ;  317600000 ;    1 ;  346855008
  2317880778980 ;         RT_IP_adpcm_S ;  8 ;   1 ;  317600000 ;    1 ;  348330495
  2318233117730 ;         RT_IP_adpcm_S ;  8 ;   1 ;  317600000 ;    1 ;  347484171
  2318584611769 ;         RT_IP_adpcm_S ;  8 ;   1 ;  317600000 ;    1 ;  344197579
  2318932818329 ;         RT_IP_adpcm_S ;  8 ;   1 ;  317600000 ;    1 ;  347098761
  2319283926803 ;         RT_IP_adpcm_S ;  8 ;   1 ;  317600000 ;    1 ;  348435164
  2319636371223 ;         RT_IP_adpcm_S ;  8 ;   1 ;  317600000 ;    1 ;  347202307
  2319987582954 ;         RT_IP_adpcm_S ;  8 ;   1 ;  317600000 ;    1 ;  343597810
  2320335191409 ;         RT_IP_adpcm_S ;  8 ;   1 ;  317600000 ;    1 ;  347477173
  2320686678483 ;         RT_IP_adpcm_S ;  8 ;   1 ;  317600000 ;    1 ;  348302570
  2321038990438 ;         RT_IP_adpcm_S ;  8 ;   1 ;  317600000 ;    1 ;  346895870
  2321389895780 ;         RT_IP_adpcm_S ;  8 ;   1 ;  317600000 ;    1 ;  344436645
  2321738342259 ;         RT_IP_adpcm_S ;  8 ;   1 ;  317600000 ;    1 ;  348042234
  2322090393488 ;         RT_IP_adpcm_S ;  8 ;   1 ;  317600000 ;    1 ;  348288318
  2322442691001 ;         RT_IP_adpcm_S ;  8 ;   1 ;  317600000 ;    1 ;  346133456
  2322792833509 ;         RT_IP_adpcm_S ;  8 ;   1 ;  317600000 ;    1 ;  344770569
  2323141613570 ;         RT_IP_adpcm_S ;  8 ;   1 ;  317600000 ;    1 ;  348191169
  2323493814067 ;         RT_IP_adpcm_S ;  8 ;   1 ;  317600000 ;    1 ;  347977288
  2323845800396 ;         RT_IP_adpcm_S ;  8 ;   1 ;  317600000 ;    1 ;  346330643
  2324196139955 ;         RT_IP_adpcm_S ;  8 ;   1 ;  317600000 ;    1 ;  344243240
  2324544392579 ;         RT_IP_adpcm_S ;  8 ;   1 ;  317600000 ;    1 ;  347157431
  2324895558788 ;         RT_IP_adpcm_S ;  8 ;   1 ;  317600000 ;    1 ;  348503485
  2325248071045 ;         RT_IP_adpcm_S ;  8 ;   1 ;  317600000 ;    1 ;  347730033
  2325599810383 ;         RT_IP_adpcm_S ;  8 ;   1 ;  317600000 ;    1 ;  344459286
  2325948278507 ;         RT_IP_adpcm_S ;  8 ;   1 ;  317600000 ;    1 ;  347119129
  2326299406902 ;         RT_IP_adpcm_S ;  8 ;   1 ;  317600000 ;    1 ;  347628527
  2326651044613 ;         RT_IP_adpcm_S ;  8 ;   1 ;  317600000 ;    1 ;  347093965
  2327002148684 ;         RT_IP_adpcm_S ;  8 ;   1 ;  317600000 ;    1 ;  343211107
  2327349369092 ;         RT_IP_adpcm_S ;  8 ;   1 ;  317600000 ;    1 ;  348187615
  2327701566299 ;         RT_IP_adpcm_S ;  8 ;   1 ;  317600000 ;    1 ;  348235075
  2328053810999 ;         RT_IP_adpcm_S ;  8 ;   1 ;  317600000 ;    1 ;  344655016
  2328402475680 ;         RT_IP_adpcm_S ;  8 ;   1 ;  317600000 ;    1 ;  344100736
  2328750585375 ;         RT_IP_adpcm_S ;  8 ;   1 ;  317600000 ;    1 ;  350571464
  2329105165250 ;         RT_IP_adpcm_S ;  8 ;   1 ;  317600000 ;    1 ;  348932366
  2329458107162 ;         RT_IP_adpcm_S ;  8 ;   1 ;  317600000 ;    1 ;  344203766
  2329806321082 ;         RT_IP_adpcm_S ;  8 ;   1 ;  317600000 ;    1 ;  345224836
  2330155554765 ;         RT_IP_adpcm_S ;  8 ;   1 ;  317600000 ;    1 ;  348409227
  2330507972934 ;         RT_IP_adpcm_S ;  8 ;   1 ;  317600000 ;    1 ;  346600068
  2330858582939 ;         RT_IP_adpcm_S ;  8 ;   1 ;  317600000 ;    1 ;  343611923
  2331206205321 ;         RT_IP_adpcm_S ;  8 ;   1 ;  317600000 ;    1 ;  347084770
  2331557299645 ;         RT_IP_adpcm_S ;  8 ;   1 ;  317600000 ;    1 ;  348432594
  2331909743963 ;         RT_IP_adpcm_S ;  8 ;   1 ;  317600000 ;    1 ;  347334811
  2332261088078 ;         RT_IP_adpcm_S ;  8 ;   1 ;  317600000 ;    1 ;  344115528
  2332609213771 ;         RT_IP_adpcm_S ;  8 ;   1 ;  317600000 ;    1 ;  345678483
  2332958900494 ;         RT_IP_adpcm_S ;  8 ;   1 ;  317600000 ;    1 ;  348797996
  2333311707536 ;         RT_IP_adpcm_S ;  8 ;   1 ;  317600000 ;    1 ;  346234822
  2333661952263 ;         RT_IP_adpcm_S ;  8 ;   1 ;  317600000 ;    1 ;  343363876
  2334009324914 ;         RT_IP_adpcm_S ;  8 ;   1 ;  317600000 ;    1 ;  348562172
  2334361896898 ;         RT_IP_adpcm_S ;  8 ;   1 ;  317600000 ;    1 ;  348434640
  2334714341296 ;         RT_IP_adpcm_S ;  8 ;   1 ;  317600000 ;    1 ;  344566648
  2335062917037 ;         RT_IP_adpcm_S ;  8 ;   1 ;  317600000 ;    1 ;  345930550
  2335412856977 ;         RT_IP_adpcm_S ;  8 ;   1 ;  317600000 ;    1 ;  348312905
  2335765179262 ;         RT_IP_adpcm_S ;  8 ;   1 ;  317600000 ;    1 ;  346978645
  2336116166913 ;         RT_IP_adpcm_S ;  8 ;   1 ;  317600000 ;    1 ;  344066742
  2336464243011 ;         RT_IP_adpcm_S ;  8 ;   1 ;  317600000 ;    1 ;  348251673
  2336816504421 ;         RT_IP_adpcm_S ;  8 ;   1 ;  317600000 ;    1 ;  347924466
  2337168438093 ;         RT_IP_adpcm_S ;  8 ;   1 ;  317600000 ;    1 ;  345830327
  2337518281088 ;         RT_IP_adpcm_S ;  8 ;   1 ;  317600000 ;    1 ;  343813216
  2337866103322 ;         RT_IP_adpcm_S ;  8 ;   1 ;  317600000 ;    1 ;  348778968
  2338218891286 ;         RT_IP_adpcm_S ;  8 ;   1 ;  317600000 ;    1 ;  348480788
  2338571381423 ;         RT_IP_adpcm_S ;  8 ;   1 ;  317600000 ;    1 ;  345976144
  2338921367232 ;         RT_IP_adpcm_S ;  8 ;   1 ;  317600000 ;    1 ;  344052615
  2339269429077 ;         RT_IP_adpcm_S ;  8 ;   1 ;  317600000 ;    1 ;  348061259
  2339621499162 ;         RT_IP_adpcm_S ;  8 ;   1 ;  317600000 ;    1 ;  348546575
  2339974054987 ;         RT_IP_adpcm_S ;  8 ;   1 ;  317600000 ;    1 ;  347003608
  2340325067725 ;         RT_IP_adpcm_S ;  8 ;   1 ;  317600000 ;    1 ;  344881359
  2340673958134 ;         RT_IP_adpcm_S ;  8 ;   1 ;  317600000 ;    1 ;  348071736
  2341026038688 ;         RT_IP_adpcm_S ;  8 ;   1 ;  317600000 ;    1 ;  349061162
  2341379108707 ;         RT_IP_adpcm_S ;  8 ;   1 ;  317600000 ;    1 ;  345763223
  2341728881426 ;         RT_IP_adpcm_S ;  8 ;   1 ;  317600000 ;    1 ;  344509689
  2342077400133 ;         RT_IP_adpcm_S ;  8 ;   1 ;  317600000 ;    1 ;  349442198
  2342430851959 ;         RT_IP_adpcm_S ;  8 ;   1 ;  317600000 ;    1 ;  348021148
  2342782882365 ;         RT_IP_adpcm_S ;  8 ;   1 ;  317600000 ;    1 ;  344912833
  2343131805050 ;         RT_IP_adpcm_S ;  8 ;   1 ;  317600000 ;    1 ;  344789937
  2343480604533 ;         RT_IP_adpcm_S ;  8 ;   1 ;  317600000 ;    1 ;  349206759
  2343833820491 ;         RT_IP_adpcm_S ;  8 ;   1 ;  317600000 ;    1 ;  348891869
  2344186721709 ;         RT_IP_adpcm_S ;  8 ;   1 ;  317600000 ;    1 ;  344036775
  2344534768038 ;         RT_IP_adpcm_S ;  8 ;   1 ;  317600000 ;    1 ;  346388449
  2344885166651 ;         RT_IP_adpcm_S ;  8 ;   1 ;  317600000 ;    1 ;  349273352
  2345238449118 ;         RT_IP_adpcm_S ;  8 ;   1 ;  317600000 ;    1 ;  347796334
  2345590254967 ;         RT_IP_adpcm_S ;  8 ;   1 ;  317600000 ;    1 ;  345509905
  2345939774902 ;         RT_IP_adpcm_S ;  8 ;   1 ;  317600000 ;    1 ;  346734716
  2346290519083 ;         RT_IP_adpcm_S ;  8 ;   1 ;  317600000 ;    1 ;  348436365
  2346642965338 ;         RT_IP_adpcm_S ;  8 ;   1 ;  317600000 ;    1 ;  346916639
  2346993890610 ;         RT_IP_adpcm_S ;  8 ;   1 ;  317600000 ;    1 ;  345190194
  2347343090729 ;         RT_IP_adpcm_S ;  8 ;   1 ;  317600000 ;    1 ;  347541229
  2347694641171 ;         RT_IP_adpcm_S ;  8 ;   1 ;  317600000 ;    1 ;  347993741
  2348046644736 ;         RT_IP_adpcm_S ;  8 ;   1 ;  317600000 ;    1 ;  346872240
  2348397525856 ;         RT_IP_adpcm_S ;  8 ;   1 ;  317600000 ;    1 ;  344499316
  2348746034606 ;         RT_IP_adpcm_S ;  8 ;   1 ;  317600000 ;    1 ;  345850873
  2349095894793 ;         RT_IP_adpcm_S ;  8 ;   1 ;  317600000 ;    1 ;  348266405
  2349448169890 ;         RT_IP_adpcm_S ;  8 ;   1 ;  317600000 ;    1 ;  346871019
  2349799050130 ;         RT_IP_adpcm_S ;  8 ;   1 ;  317600000 ;    1 ;  344380104
  2350147439824 ;         RT_IP_adpcm_S ;  8 ;   1 ;  317600000 ;    1 ;  347941790
  2350499391051 ;         RT_IP_adpcm_S ;  8 ;   1 ;  317600000 ;    1 ;  348000022
  2350851400799 ;         RT_IP_adpcm_S ;  8 ;   1 ;  317600000 ;    1 ;  345298119
  2351200708183 ;         RT_IP_adpcm_S ;  8 ;   1 ;  317600000 ;    1 ;  345211055
  2351549928655 ;         RT_IP_adpcm_S ;  8 ;   1 ;  317600000 ;    1 ;  348253857
  2351902192220 ;         RT_IP_adpcm_S ;  8 ;   1 ;  317600000 ;    1 ;  348283263
  2352254484559 ;         RT_IP_adpcm_S ;  8 ;   1 ;  317600000 ;    1 ;  343781094
  2352602275552 ;         RT_IP_adpcm_S ;  8 ;   1 ;  317600000 ;    1 ;  346132482
  2352952416531 ;         RT_IP_adpcm_S ;  8 ;   1 ;  317600000 ;    1 ;  348994906
  2353305421008 ;         RT_IP_adpcm_S ;  8 ;   1 ;  317600000 ;    1 ;  346524339
  2353655954856 ;         RT_IP_adpcm_S ;  8 ;   1 ;  317600000 ;    1 ;  343663364
  2354003626903 ;         RT_IP_adpcm_S ;  8 ;   1 ;  317600000 ;    1 ;  348435095
  2354356070921 ;         RT_IP_adpcm_S ;  8 ;   1 ;  317600000 ;    1 ;  348117439
  2354708197336 ;         RT_IP_adpcm_S ;  8 ;   1 ;  317600000 ;    1 ;  344899985
  2355057106551 ;         RT_IP_adpcm_S ;  8 ;   1 ;  317600000 ;    1 ;  344716021
  2355405831586 ;         RT_IP_adpcm_S ;  8 ;   1 ;  317600000 ;    1 ;  347747607
  2355757588604 ;         RT_IP_adpcm_S ;  8 ;   1 ;  317600000 ;    1 ;  347465284
  2356109063207 ;         RT_IP_adpcm_S ;  8 ;   1 ;  317600000 ;    1 ;  344484526
  2356457557296 ;         RT_IP_adpcm_S ;  8 ;   1 ;  317600000 ;    1 ;  346372917
  2356807939094 ;         RT_IP_adpcm_S ;  8 ;   1 ;  317600000 ;    1 ;  347809794
  2357159758245 ;         RT_IP_adpcm_S ;  8 ;   1 ;  317600000 ;    1 ;  346254292
  2357510022660 ;         RT_IP_adpcm_S ;  8 ;   1 ;  317600000 ;    1 ;  344437870
  2357858470673 ;         RT_IP_adpcm_S ;  8 ;   1 ;  317600000 ;    1 ;  349474864
  2358211954835 ;         RT_IP_adpcm_S ;  8 ;   1 ;  317600000 ;    1 ;  348596733
  2358564560557 ;         RT_IP_adpcm_S ;  8 ;   1 ;  317600000 ;    1 ;  344529934
  2358913099759 ;         RT_IP_adpcm_S ;  8 ;   1 ;  317600000 ;    1 ;  345843925
  2359262952291 ;         RT_IP_adpcm_S ;  8 ;   1 ;  317600000 ;    1 ;  349004101
  2359615965343 ;         RT_IP_adpcm_S ;  8 ;   1 ;  317600000 ;    1 ;  347408566
  2359967383597 ;         RT_IP_adpcm_S ;  8 ;   1 ;  317600000 ;    1 ;  345184673
  2360316577851 ;         RT_IP_adpcm_S ;  8 ;   1 ;  317600000 ;    1 ;  346303617
  2360666890414 ;         RT_IP_adpcm_S ;  8 ;   1 ;  317600000 ;    1 ;  348818891
  2361019718015 ;         RT_IP_adpcm_S ;  8 ;   1 ;  317600000 ;    1 ;  347038675
  2361370765938 ;         RT_IP_adpcm_S ;  8 ;   1 ;  317600000 ;    1 ;  344585574
  2361719360818 ;         RT_IP_adpcm_S ;  8 ;   1 ;  317600000 ;    1 ;  346892597
  2362070262369 ;         RT_IP_adpcm_S ;  8 ;   1 ;  317600000 ;    1 ;  348236339
  2362422507620 ;         RT_IP_adpcm_S ;  8 ;   1 ;  317600000 ;    1 ;  345372171
  2362771890588 ;         RT_IP_adpcm_S ;  8 ;   1 ;  317600000 ;    1 ;  344113105
  2363120015347 ;         RT_IP_adpcm_S ;  8 ;   1 ;  317600000 ;    1 ;  348461033
  2363472485416 ;         RT_IP_adpcm_S ;  8 ;   1 ;  317600000 ;    1 ;  347992892
  2363824487890 ;         RT_IP_adpcm_S ;  8 ;   1 ;  317600000 ;    1 ;  345688973
  2364174186169 ;         RT_IP_adpcm_S ;  8 ;   1 ;  317600000 ;    1 ;  343802560
  2364521997764 ;         RT_IP_adpcm_S ;  8 ;   1 ;  317600000 ;    1 ;  347938290
  2305186303800 ;      RT_IP_bitcount_L ;  4 ;   1 ;  787200000 ;    1 ;   65522221
  2305255837153 ;      RT_IP_bitcount_L ;  4 ;   1 ;  787200000 ;    1 ;   65308130
  2305325155054 ;      RT_IP_bitcount_L ;  4 ;   1 ;  787200000 ;    1 ;   65130864
  2305394295360 ;      RT_IP_bitcount_L ;  4 ;   1 ;  787200000 ;    1 ;   65107737
  2305463412622 ;      RT_IP_bitcount_L ;  4 ;   1 ;  787200000 ;    1 ;   65441690
  2305532865239 ;      RT_IP_bitcount_L ;  4 ;   1 ;  787200000 ;    1 ;   66319998
  2305603193997 ;      RT_IP_bitcount_L ;  4 ;   1 ;  787200000 ;    1 ;   65228222
  2305672431266 ;      RT_IP_bitcount_L ;  4 ;   1 ;  787200000 ;    1 ;   65203021
  2305741642910 ;      RT_IP_bitcount_L ;  4 ;   1 ;  787200000 ;    1 ;   65123646
  2305810776498 ;      RT_IP_bitcount_L ;  4 ;   1 ;  787200000 ;    1 ;   65455297
  2305880242710 ;      RT_IP_bitcount_L ;  4 ;   1 ;  787200000 ;    1 ;   65231417
  2305949484302 ;      RT_IP_bitcount_L ;  4 ;   1 ;  787200000 ;    1 ;  289747772
  2306243242594 ;      RT_IP_bitcount_L ;  4 ;   1 ;  787200000 ;    1 ;  412354191
  2306659605553 ;      RT_IP_bitcount_L ;  4 ;   1 ;  787200000 ;    1 ;  708234601
  2307371849763 ;      RT_IP_bitcount_L ;  4 ;   1 ;  787200000 ;    1 ;  667923873
  2308043783087 ;      RT_IP_bitcount_L ;  4 ;   1 ;  787200000 ;    1 ;  595573675
  2308643367119 ;      RT_IP_bitcount_L ;  4 ;   1 ;  787200000 ;    1 ;  645236390
  2309292614060 ;      RT_IP_bitcount_L ;  4 ;   1 ;  787200000 ;    1 ;  126902958
  2309423524228 ;      RT_IP_bitcount_L ;  4 ;   1 ;  787200000 ;    1 ;   97278015
  2309524811323 ;      RT_IP_bitcount_L ;  4 ;   1 ;  787200000 ;    1 ;   66719652
  2309595540752 ;      RT_IP_bitcount_L ;  4 ;   1 ;  787200000 ;    1 ;   64971023
  2309664520537 ;      RT_IP_bitcount_L ;  4 ;   1 ;  787200000 ;    1 ;   64971380
  2309733502199 ;      RT_IP_bitcount_L ;  4 ;   1 ;  787200000 ;    1 ;   65153111
  2309802664828 ;      RT_IP_bitcount_L ;  4 ;   1 ;  787200000 ;    1 ;   67607666
  2309874282350 ;      RT_IP_bitcount_L ;  4 ;   1 ;  787200000 ;    1 ;   67476919
  2309945768911 ;      RT_IP_bitcount_L ;  4 ;   1 ;  787200000 ;    1 ;   67253773
  2310017033739 ;      RT_IP_bitcount_L ;  4 ;   1 ;  787200000 ;    1 ;   66633700
  2310087677919 ;      RT_IP_bitcount_L ;  4 ;   1 ;  787200000 ;    1 ;   65353186
  2310157040656 ;      RT_IP_bitcount_L ;  4 ;   1 ;  787200000 ;    1 ;   65268598
  2310226317932 ;      RT_IP_bitcount_L ;  4 ;   1 ;  787200000 ;    1 ;   65259797
  2310295587539 ;      RT_IP_bitcount_L ;  4 ;   1 ;  787200000 ;    1 ;   66243266
  2310365840887 ;      RT_IP_bitcount_L ;  4 ;   1 ;  787200000 ;    1 ;   67461784
  2310437312835 ;      RT_IP_bitcount_L ;  4 ;   1 ;  787200000 ;    1 ;   67131371
  2310508453951 ;      RT_IP_bitcount_L ;  4 ;   1 ;  787200000 ;    1 ;   66001638
  2310578463534 ;      RT_IP_bitcount_L ;  4 ;   1 ;  787200000 ;    1 ;   65128070
  2310647601703 ;      RT_IP_bitcount_L ;  4 ;   1 ;  787200000 ;    1 ;   65224764
  2310716835598 ;      RT_IP_bitcount_L ;  4 ;   1 ;  787200000 ;    1 ;   65558480
  2310786404199 ;      RT_IP_bitcount_L ;  4 ;   1 ;  787200000 ;    1 ;   67411231
  2310857826256 ;      RT_IP_bitcount_L ;  4 ;   1 ;  787200000 ;    1 ;   67361074
  2310929195626 ;      RT_IP_bitcount_L ;  4 ;   1 ;  787200000 ;    1 ;   67451213
  2311000656699 ;      RT_IP_bitcount_L ;  4 ;   1 ;  787200000 ;    1 ;   65309047
  2311069976010 ;      RT_IP_bitcount_L ;  4 ;   1 ;  787200000 ;    1 ;   65194089
  2311139179995 ;      RT_IP_bitcount_L ;  4 ;   1 ;  787200000 ;    1 ;   65135786
  2311208325935 ;      RT_IP_bitcount_L ;  4 ;   1 ;  787200000 ;    1 ;   65286022
  2311277621085 ;      RT_IP_bitcount_L ;  4 ;   1 ;  787200000 ;    1 ;   67304946
  2311348935915 ;      RT_IP_bitcount_L ;  4 ;   1 ;  787200000 ;    1 ;   67163361
  2311420110876 ;      RT_IP_bitcount_L ;  4 ;   1 ;  787200000 ;    1 ;   67384675
  2311491505968 ;      RT_IP_bitcount_L ;  4 ;   1 ;  787200000 ;    1 ;   65107923
  2311560624067 ;      RT_IP_bitcount_L ;  4 ;   1 ;  787200000 ;    1 ;   65040257
  2311629673785 ;      RT_IP_bitcount_L ;  4 ;   1 ;  787200000 ;    1 ;   65098126
  2311698781734 ;      RT_IP_bitcount_L ;  4 ;   1 ;  787200000 ;    1 ;   66003831
  2311768796022 ;      RT_IP_bitcount_L ;  4 ;   1 ;  787200000 ;    1 ;   67344036
  2311840150443 ;      RT_IP_bitcount_L ;  4 ;   1 ;  787200000 ;    1 ;   67555436
  2311911715670 ;      RT_IP_bitcount_L ;  4 ;   1 ;  787200000 ;    1 ;   66720095
  2311982443773 ;      RT_IP_bitcount_L ;  4 ;   1 ;  787200000 ;    1 ;   65224582
  2312051678135 ;      RT_IP_bitcount_L ;  4 ;   1 ;  787200000 ;    1 ;   65142092
  2312120830148 ;      RT_IP_bitcount_L ;  4 ;   1 ;  787200000 ;    1 ;   64946968
  2312189787501 ;      RT_IP_bitcount_L ;  4 ;   1 ;  787200000 ;    1 ;   66402965
  2312260201021 ;      RT_IP_bitcount_L ;  4 ;   1 ;  787200000 ;    1 ;   67295492
  2312331505422 ;      RT_IP_bitcount_L ;  4 ;   1 ;  787200000 ;    1 ;   67293904
  2312402809894 ;      RT_IP_bitcount_L ;  4 ;   1 ;  787200000 ;    1 ;   66839781
  2312473660003 ;      RT_IP_bitcount_L ;  4 ;   1 ;  787200000 ;    1 ;   65223479
  2312542893824 ;      RT_IP_bitcount_L ;  4 ;   1 ;  787200000 ;    1 ;   65286882
  2312612191044 ;      RT_IP_bitcount_L ;  4 ;   1 ;  787200000 ;    1 ;   65088018
  2312681287314 ;      RT_IP_bitcount_L ;  4 ;   1 ;  787200000 ;    1 ;   67404789
  2312752702230 ;      RT_IP_bitcount_L ;  4 ;   1 ;  787200000 ;    1 ;   67240170
  2312823952668 ;      RT_IP_bitcount_L ;  4 ;   1 ;  787200000 ;    1 ;   67408538
  2312895371002 ;      RT_IP_bitcount_L ;  4 ;   1 ;  787200000 ;    1 ;   65621498
  2312965002395 ;      RT_IP_bitcount_L ;  4 ;   1 ;  787200000 ;    1 ;   65115992
  2313034126736 ;      RT_IP_bitcount_L ;  4 ;   1 ;  787200000 ;    1 ;   65118084
  2313103254687 ;      RT_IP_bitcount_L ;  4 ;   1 ;  787200000 ;    1 ;   65418568
  2313172683963 ;      RT_IP_bitcount_L ;  4 ;   1 ;  787200000 ;    1 ;   67405307
  2313244100360 ;      RT_IP_bitcount_L ;  4 ;   1 ;  787200000 ;    1 ;   67384255
  2313315494902 ;      RT_IP_bitcount_L ;  4 ;   1 ;  787200000 ;    1 ;   67603958
  2313387107977 ;      RT_IP_bitcount_L ;  4 ;   1 ;  787200000 ;    1 ;   65523937
  2313456641933 ;      RT_IP_bitcount_L ;  4 ;   1 ;  787200000 ;    1 ;   65459863
  2313526111296 ;      RT_IP_bitcount_L ;  4 ;   1 ;  787200000 ;    1 ;   65171017
  2313595292381 ;      RT_IP_bitcount_L ;  4 ;   1 ;  787200000 ;    1 ;   64960296
  2313664262877 ;      RT_IP_bitcount_L ;  4 ;   1 ;  787200000 ;    1 ;   67312310
  2313735583730 ;      RT_IP_bitcount_L ;  4 ;   1 ;  787200000 ;    1 ;   67248630
  2313806842512 ;      RT_IP_bitcount_L ;  4 ;   1 ;  787200000 ;    1 ;   67391846
  2313878243957 ;      RT_IP_bitcount_L ;  4 ;   1 ;  787200000 ;    1 ;   65787361
  2313948041219 ;      RT_IP_bitcount_L ;  4 ;   1 ;  787200000 ;    1 ;   65164802
  2314017215514 ;      RT_IP_bitcount_L ;  4 ;   1 ;  787200000 ;    1 ;   64994373
  2314086217701 ;      RT_IP_bitcount_L ;  4 ;   1 ;  787200000 ;    1 ;   65825348
  2314156053088 ;      RT_IP_bitcount_L ;  4 ;   1 ;  787200000 ;    1 ;   67382411
  2314227445509 ;      RT_IP_bitcount_L ;  4 ;   1 ;  787200000 ;    1 ;   67376163
  2314298831688 ;      RT_IP_bitcount_L ;  4 ;   1 ;  787200000 ;    1 ;   67272220
  2314370113899 ;      RT_IP_bitcount_L ;  4 ;   1 ;  787200000 ;    1 ;   65105364
  2314439226864 ;      RT_IP_bitcount_L ;  4 ;   1 ;  787200000 ;    1 ;   65347862
  2314508584747 ;      RT_IP_bitcount_L ;  4 ;   1 ;  787200000 ;    1 ;   65072419
  2314577667087 ;      RT_IP_bitcount_L ;  4 ;   1 ;  787200000 ;    1 ;   66515251
  2314648193115 ;      RT_IP_bitcount_L ;  4 ;   1 ;  787200000 ;    1 ;   67416779
  2314719620186 ;      RT_IP_bitcount_L ;  4 ;   1 ;  787200000 ;    1 ;   67164284
  2314790793547 ;      RT_IP_bitcount_L ;  4 ;   1 ;  787200000 ;    1 ;   66993920
  2314861797033 ;      RT_IP_bitcount_L ;  4 ;   1 ;  787200000 ;    1 ;   65134445
  2314930941362 ;      RT_IP_bitcount_L ;  4 ;   1 ;  787200000 ;    1 ;   65207281
  2315000158491 ;      RT_IP_bitcount_L ;  4 ;   1 ;  787200000 ;    1 ;   65168175
  2315069337060 ;      RT_IP_bitcount_L ;  4 ;   1 ;  787200000 ;    1 ;   66463344
  2315139809247 ;      RT_IP_bitcount_L ;  4 ;   1 ;  787200000 ;    1 ;   67471689
  2315211290684 ;      RT_IP_bitcount_L ;  4 ;   1 ;  787200000 ;    1 ;   67325322
  2315282625844 ;      RT_IP_bitcount_L ;  4 ;   1 ;  787200000 ;    1 ;   66469065
  2315353105124 ;      RT_IP_bitcount_L ;  4 ;   1 ;  787200000 ;    1 ;   65105538
  2315422220767 ;      RT_IP_bitcount_L ;  4 ;   1 ;  787200000 ;    1 ;   65199329
  2315491428720 ;      RT_IP_bitcount_L ;  4 ;   1 ;  787200000 ;    1 ;   65154375
  2315560592680 ;      RT_IP_bitcount_L ;  4 ;   1 ;  787200000 ;    1 ;   67175568
  2315631778235 ;      RT_IP_bitcount_L ;  4 ;   1 ;  787200000 ;    1 ;   67398746
  2315703186998 ;      RT_IP_bitcount_L ;  4 ;   1 ;  787200000 ;    1 ;   67289762
  2315774486715 ;      RT_IP_bitcount_L ;  4 ;   1 ;  787200000 ;    1 ;   65490177
  2315843985333 ;      RT_IP_bitcount_L ;  4 ;   1 ;  787200000 ;    1 ;   65019290
  2315913014379 ;      RT_IP_bitcount_L ;  4 ;   1 ;  787200000 ;    1 ;   65439256
  2315982463392 ;      RT_IP_bitcount_L ;  4 ;   1 ;  787200000 ;    1 ;   65296045
  2316051769890 ;      RT_IP_bitcount_L ;  4 ;   1 ;  787200000 ;    1 ;   67512077
  2316123292435 ;      RT_IP_bitcount_L ;  4 ;   1 ;  787200000 ;    1 ;   67408653
  2316194709888 ;      RT_IP_bitcount_L ;  4 ;   1 ;  787200000 ;    1 ;   67566671
  2316266287116 ;      RT_IP_bitcount_L ;  4 ;   1 ;  787200000 ;    1 ;   65518687
  2316335816271 ;      RT_IP_bitcount_L ;  4 ;   1 ;  787200000 ;    1 ;   65143840
  2316404969973 ;      RT_IP_bitcount_L ;  4 ;   1 ;  787200000 ;    1 ;   65079537
  2316474059310 ;      RT_IP_bitcount_L ;  4 ;   1 ;  787200000 ;    1 ;   65170238
  2316543237520 ;      RT_IP_bitcount_L ;  4 ;   1 ;  787200000 ;    1 ;   67681976
  2316614929859 ;      RT_IP_bitcount_L ;  4 ;   1 ;  787200000 ;    1 ;   67331488
  2316686271165 ;      RT_IP_bitcount_L ;  4 ;   1 ;  787200000 ;    1 ;   67334613
  2316757615916 ;      RT_IP_bitcount_L ;  4 ;   1 ;  787200000 ;    1 ;   65039904
  2316826665688 ;      RT_IP_bitcount_L ;  4 ;   1 ;  787200000 ;    1 ;   65189531
  2316895864310 ;      RT_IP_bitcount_L ;  4 ;   1 ;  787200000 ;    1 ;   65161199
  2316965036631 ;      RT_IP_bitcount_L ;  4 ;   1 ;  787200000 ;    1 ;   65813148
  2317034860232 ;      RT_IP_bitcount_L ;  4 ;   1 ;  787200000 ;    1 ;   67357442
  2317106228093 ;      RT_IP_bitcount_L ;  4 ;   1 ;  787200000 ;    1 ;   67511422
  2317177749210 ;      RT_IP_bitcount_L ;  4 ;   1 ;  787200000 ;    1 ;   67087373
  2317248845644 ;      RT_IP_bitcount_L ;  4 ;   1 ;  787200000 ;    1 ;   65303471
  2317318159068 ;      RT_IP_bitcount_L ;  4 ;   1 ;  787200000 ;    1 ;   65149638
  2317387318645 ;      RT_IP_bitcount_L ;  4 ;   1 ;  787200000 ;    1 ;   65175996
  2317456504253 ;      RT_IP_bitcount_L ;  4 ;   1 ;  787200000 ;    1 ;   65948652
  2317526462849 ;      RT_IP_bitcount_L ;  4 ;   1 ;  787200000 ;    1 ;   67500330
  2317597971479 ;      RT_IP_bitcount_L ;  4 ;   1 ;  787200000 ;    1 ;   67229814
  2317669211233 ;      RT_IP_bitcount_L ;  4 ;   1 ;  787200000 ;    1 ;   66144954
  2317739365964 ;      RT_IP_bitcount_L ;  4 ;   1 ;  787200000 ;    1 ;   64904485
  2317808280589 ;      RT_IP_bitcount_L ;  4 ;   1 ;  787200000 ;    1 ;   64869346
  2317877160143 ;      RT_IP_bitcount_L ;  4 ;   1 ;  787200000 ;    1 ;   65028481
  2317946196726 ;      RT_IP_bitcount_L ;  4 ;   1 ;  787200000 ;    1 ;   67475065
  2318017681541 ;      RT_IP_bitcount_L ;  4 ;   1 ;  787200000 ;    1 ;   67287649
  2318088979190 ;      RT_IP_bitcount_L ;  4 ;   1 ;  787200000 ;    1 ;   67320207
  2318160309355 ;      RT_IP_bitcount_L ;  4 ;   1 ;  787200000 ;    1 ;   65177316
  2318229496601 ;      RT_IP_bitcount_L ;  4 ;   1 ;  787200000 ;    1 ;   65273639
  2318298778140 ;      RT_IP_bitcount_L ;  4 ;   1 ;  787200000 ;    1 ;   65208878
  2318367996589 ;      RT_IP_bitcount_L ;  4 ;   1 ;  787200000 ;    1 ;   66067103
  2318438073125 ;      RT_IP_bitcount_L ;  4 ;   1 ;  787200000 ;    1 ;   67358912
  2318509443370 ;      RT_IP_bitcount_L ;  4 ;   1 ;  787200000 ;    1 ;   67423199
  2318580876482 ;      RT_IP_bitcount_L ;  4 ;   1 ;  787200000 ;    1 ;   66342627
  2318651227394 ;      RT_IP_bitcount_L ;  4 ;   1 ;  787200000 ;    1 ;   65202556
  2318720439282 ;      RT_IP_bitcount_L ;  4 ;   1 ;  787200000 ;    1 ;   65103465
  2318789552720 ;      RT_IP_bitcount_L ;  4 ;   1 ;  787200000 ;    1 ;   65285626
  2318858848016 ;      RT_IP_bitcount_L ;  4 ;   1 ;  787200000 ;    1 ;   66484805
  2318929343088 ;      RT_IP_bitcount_L ;  4 ;   1 ;  787200000 ;    1 ;   67472958
  2319000824037 ;      RT_IP_bitcount_L ;  4 ;   1 ;  787200000 ;    1 ;   67344773
  2319072179062 ;      RT_IP_bitcount_L ;  4 ;   1 ;  787200000 ;    1 ;   65752242
  2319141941177 ;      RT_IP_bitcount_L ;  4 ;   1 ;  787200000 ;    1 ;   65146735
  2319211098033 ;      RT_IP_bitcount_L ;  4 ;   1 ;  787200000 ;    1 ;   65212742
  2319280319933 ;      RT_IP_bitcount_L ;  4 ;   1 ;  787200000 ;    1 ;   64955738
  2319349283592 ;      RT_IP_bitcount_L ;  4 ;   1 ;  787200000 ;    1 ;   67317818
  2319420610982 ;      RT_IP_bitcount_L ;  4 ;   1 ;  787200000 ;    1 ;   67390186
  2319492011329 ;      RT_IP_bitcount_L ;  4 ;   1 ;  787200000 ;    1 ;   67351904
  2319563373121 ;      RT_IP_bitcount_L ;  4 ;   1 ;  787200000 ;    1 ;   65312892
  2319632695582 ;      RT_IP_bitcount_L ;  4 ;   1 ;  787200000 ;    1 ;   65209632
  2319701913406 ;      RT_IP_bitcount_L ;  4 ;   1 ;  787200000 ;    1 ;   65103792
  2319771027268 ;      RT_IP_bitcount_L ;  4 ;   1 ;  787200000 ;    1 ;   66024106
  2319841060935 ;      RT_IP_bitcount_L ;  4 ;   1 ;  787200000 ;    1 ;   67276358
  2319912347492 ;      RT_IP_bitcount_L ;  4 ;   1 ;  787200000 ;    1 ;   67442056
  2319983799473 ;      RT_IP_bitcount_L ;  4 ;   1 ;  787200000 ;    1 ;   66274573
  2320054081819 ;      RT_IP_bitcount_L ;  4 ;   1 ;  787200000 ;    1 ;   65338253
  2320123430260 ;      RT_IP_bitcount_L ;  4 ;   1 ;  787200000 ;    1 ;   65071803
  2320192511833 ;      RT_IP_bitcount_L ;  4 ;   1 ;  787200000 ;    1 ;   65141280
  2320261662996 ;      RT_IP_bitcount_L ;  4 ;   1 ;  787200000 ;    1 ;   66035101
  2320331708202 ;      RT_IP_bitcount_L ;  4 ;   1 ;  787200000 ;    1 ;   67173502
  2320402890396 ;      RT_IP_bitcount_L ;  4 ;   1 ;  787200000 ;    1 ;   67552226
  2320474453284 ;      RT_IP_bitcount_L ;  4 ;   1 ;  787200000 ;    1 ;   66136476
  2320544599350 ;      RT_IP_bitcount_L ;  4 ;   1 ;  787200000 ;    1 ;   65340798
  2320613949691 ;      RT_IP_bitcount_L ;  4 ;   1 ;  787200000 ;    1 ;   65112162
  2320683070886 ;      RT_IP_bitcount_L ;  4 ;   1 ;  787200000 ;    1 ;   65207987
  2320752287836 ;      RT_IP_bitcount_L ;  4 ;   1 ;  787200000 ;    1 ;   67247233
  2320823545127 ;      RT_IP_bitcount_L ;  4 ;   1 ;  787200000 ;    1 ;   67441437
  2320894996461 ;      RT_IP_bitcount_L ;  4 ;   1 ;  787200000 ;    1 ;   66932587
  2320965938573 ;      RT_IP_bitcount_L ;  4 ;   1 ;  787200000 ;    1 ;   65441566
  2321035389045 ;      RT_IP_bitcount_L ;  4 ;   1 ;  787200000 ;    1 ;   65084250
  2321104481684 ;      RT_IP_bitcount_L ;  4 ;   1 ;  787200000 ;    1 ;   65201690
  2321173693460 ;      RT_IP_bitcount_L ;  4 ;   1 ;  787200000 ;    1 ;   65599624
  2321243302681 ;      RT_IP_bitcount_L ;  4 ;   1 ;  787200000 ;    1 ;   67275688
  2321314589072 ;      RT_IP_bitcount_L ;  4 ;   1 ;  787200000 ;    1 ;   67568631
  2321386167292 ;      RT_IP_bitcount_L ;  4 ;   1 ;  787200000 ;    1 ;   67296907
  2321457472155 ;      RT_IP_bitcount_L ;  4 ;   1 ;  787200000 ;    1 ;   65288616
  2321526770684 ;      RT_IP_bitcount_L ;  4 ;   1 ;  787200000 ;    1 ;   65088853
  2321595869204 ;      RT_IP_bitcount_L ;  4 ;   1 ;  787200000 ;    1 ;   64960743
  2321664840572 ;      RT_IP_bitcount_L ;  4 ;   1 ;  787200000 ;    1 ;   66013602
  2321734863984 ;      RT_IP_bitcount_L ;  4 ;   1 ;  787200000 ;    1 ;   67415886
  2321806289017 ;      RT_IP_bitcount_L ;  4 ;   1 ;  787200000 ;    1 ;   67542227
  2321877840952 ;      RT_IP_bitcount_L ;  4 ;   1 ;  787200000 ;    1 ;   66795220
  2321948645772 ;      RT_IP_bitcount_L ;  4 ;   1 ;  787200000 ;    1 ;   65089580
  2322017746009 ;      RT_IP_bitcount_L ;  4 ;   1 ;  787200000 ;    1 ;   65039326
  2322086795456 ;      RT_IP_bitcount_L ;  4 ;   1 ;  787200000 ;    1 ;   65459248
  2322156263361 ;      RT_IP_bitcount_L ;  4 ;   1 ;  787200000 ;    1 ;   66315777
  2322226589278 ;      RT_IP_bitcount_L ;  4 ;   1 ;  787200000 ;    1 ;   67268798
  2322297867864 ;      RT_IP_bitcount_L ;  4 ;   1 ;  787200000 ;    1 ;   67286727
  2322369164901 ;      RT_IP_bitcount_L ;  4 ;   1 ;  787200000 ;    1 ;   65762146
  2322438936686 ;      RT_IP_bitcount_L ;  4 ;   1 ;  787200000 ;    1 ;   65375451
  2322508320236 ;      RT_IP_bitcount_L ;  4 ;   1 ;  787200000 ;    1 ;   65197010
  2322577527951 ;      RT_IP_bitcount_L ;  4 ;   1 ;  787200000 ;    1 ;   65059680
  2322646597168 ;      RT_IP_bitcount_L ;  4 ;   1 ;  787200000 ;    1 ;   67365342
  2322717973032 ;      RT_IP_bitcount_L ;  4 ;   1 ;  787200000 ;    1 ;   67268242
  2322789250836 ;      RT_IP_bitcount_L ;  4 ;   1 ;  787200000 ;    1 ;   67209050
  2322860468075 ;      RT_IP_bitcount_L ;  4 ;   1 ;  787200000 ;    1 ;   65204896
  2322929683012 ;      RT_IP_bitcount_L ;  4 ;   1 ;  787200000 ;    1 ;   65429086
  2322999121663 ;      RT_IP_bitcount_L ;  4 ;   1 ;  787200000 ;    1 ;   65247830
  2323068381023 ;      RT_IP_bitcount_L ;  4 ;   1 ;  787200000 ;    1 ;   65754233
  2323138144753 ;      RT_IP_bitcount_L ;  4 ;   1 ;  787200000 ;    1 ;   67403407
  2323209557069 ;      RT_IP_bitcount_L ;  4 ;   1 ;  787200000 ;    1 ;   67489996
  2323281057012 ;      RT_IP_bitcount_L ;  4 ;   1 ;  787200000 ;    1 ;   67020785
  2323352087574 ;      RT_IP_bitcount_L ;  4 ;   1 ;  787200000 ;    1 ;   65031046
  2323421128855 ;      RT_IP_bitcount_L ;  4 ;   1 ;  787200000 ;    1 ;   65093939
  2323490232480 ;      RT_IP_bitcount_L ;  4 ;   1 ;  787200000 ;    1 ;   65147186
  2323559387881 ;      RT_IP_bitcount_L ;  4 ;   1 ;  787200000 ;    1 ;   65910701
  2323629308521 ;      RT_IP_bitcount_L ;  4 ;   1 ;  787200000 ;    1 ;   67402339
  2323700720662 ;      RT_IP_bitcount_L ;  4 ;   1 ;  787200000 ;    1 ;   67330800
  2323772061798 ;      RT_IP_bitcount_L ;  4 ;   1 ;  787200000 ;    1 ;   65963020
  2323842033868 ;      RT_IP_bitcount_L ;  4 ;   1 ;  787200000 ;    1 ;   65137745
  2323911180795 ;      RT_IP_bitcount_L ;  4 ;   1 ;  787200000 ;    1 ;   65111912
  2323980302084 ;      RT_IP_bitcount_L ;  4 ;   1 ;  787200000 ;    1 ;   65037688
  2324049349304 ;      RT_IP_bitcount_L ;  4 ;   1 ;  787200000 ;    1 ;   67542027
  2324120901832 ;      RT_IP_bitcount_L ;  4 ;   1 ;  787200000 ;    1 ;   67620750
  2324192532142 ;      RT_IP_bitcount_L ;  4 ;   1 ;  787200000 ;    1 ;   67183496
  2324263724368 ;      RT_IP_bitcount_L ;  4 ;   1 ;  787200000 ;    1 ;   64943201
  2324332676886 ;      RT_IP_bitcount_L ;  4 ;   1 ;  787200000 ;    1 ;   65068784
  2324401755614 ;      RT_IP_bitcount_L ;  4 ;   1 ;  787200000 ;    1 ;   65062262
  2324470828036 ;      RT_IP_bitcount_L ;  4 ;   1 ;  787200000 ;    1 ;   66091130
  2324540930276 ;      RT_IP_bitcount_L ;  4 ;   1 ;  787200000 ;    1 ;   67295532
  2324612233833 ;      RT_IP_bitcount_L ;  4 ;   1 ;  787200000 ;    1 ;   67655575
  2324683899444 ;      RT_IP_bitcount_L ;  4 ;   1 ;  787200000 ;    1 ;   65591692
  2324753500573 ;      RT_IP_bitcount_L ;  4 ;   1 ;  787200000 ;    1 ;   65299968
  2324822811264 ;      RT_IP_bitcount_L ;  4 ;   1 ;  787200000 ;    1 ;   65141743
  2324891961908 ;      RT_IP_bitcount_L ;  4 ;   1 ;  787200000 ;    1 ;   64965155
  2324960935790 ;      RT_IP_bitcount_L ;  4 ;   1 ;  787200000 ;    1 ;   67336017
  2325032282332 ;      RT_IP_bitcount_L ;  4 ;   1 ;  787200000 ;    1 ;   67405396
  2325103697637 ;      RT_IP_bitcount_L ;  4 ;   1 ;  787200000 ;    1 ;   67378974
  2325175087042 ;      RT_IP_bitcount_L ;  4 ;   1 ;  787200000 ;    1 ;   65396044
  2325244493935 ;      RT_IP_bitcount_L ;  4 ;   1 ;  787200000 ;    1 ;   65114930
  2325313616950 ;      RT_IP_bitcount_L ;  4 ;   1 ;  787200000 ;    1 ;   65126148
  2325382753181 ;      RT_IP_bitcount_L ;  4 ;   1 ;  787200000 ;    1 ;   66182069
  2325452945292 ;      RT_IP_bitcount_L ;  4 ;   1 ;  787200000 ;    1 ;   67375519
  2325524331121 ;      RT_IP_bitcount_L ;  4 ;   1 ;  787200000 ;    1 ;   67707973
  2325596049340 ;      RT_IP_bitcount_L ;  4 ;   1 ;  787200000 ;    1 ;   66912746
  2325666970633 ;      RT_IP_bitcount_L ;  4 ;   1 ;  787200000 ;    1 ;   65299474
  2325736279895 ;      RT_IP_bitcount_L ;  4 ;   1 ;  787200000 ;    1 ;   65185716
  2325805475062 ;      RT_IP_bitcount_L ;  4 ;   1 ;  787200000 ;    1 ;   65181543
  2325874666047 ;      RT_IP_bitcount_L ;  4 ;   1 ;  787200000 ;    1 ;   66111728
  2325944788373 ;      RT_IP_bitcount_L ;  4 ;   1 ;  787200000 ;    1 ;   67509850
  2326016307059 ;      RT_IP_bitcount_L ;  4 ;   1 ;  787200000 ;    1 ;   67299199
  2326087616242 ;      RT_IP_bitcount_L ;  4 ;   1 ;  787200000 ;    1 ;   66041359
  2326157667248 ;      RT_IP_bitcount_L ;  4 ;   1 ;  787200000 ;    1 ;   65038774
  2326226716226 ;      RT_IP_bitcount_L ;  4 ;   1 ;  787200000 ;    1 ;   65117341
  2326295844019 ;      RT_IP_bitcount_L ;  4 ;   1 ;  787200000 ;    1 ;   65012846
  2326364864730 ;      RT_IP_bitcount_L ;  4 ;   1 ;  787200000 ;    1 ;   67264970
  2326436139962 ;      RT_IP_bitcount_L ;  4 ;   1 ;  787200000 ;    1 ;   67284282
  2326507434499 ;      RT_IP_bitcount_L ;  4 ;   1 ;  787200000 ;    1 ;   66632668
  2326578078038 ;      RT_IP_bitcount_L ;  4 ;   1 ;  787200000 ;    1 ;   65333576
  2326647421751 ;      RT_IP_bitcount_L ;  4 ;   1 ;  787200000 ;    1 ;   65169478
  2326716599483 ;      RT_IP_bitcount_L ;  4 ;   1 ;  787200000 ;    1 ;   65307074
  2326785916792 ;      RT_IP_bitcount_L ;  4 ;   1 ;  787200000 ;    1 ;   65862471
  2326855789167 ;      RT_IP_bitcount_L ;  4 ;   1 ;  787200000 ;    1 ;   67253269
  2326927053572 ;      RT_IP_bitcount_L ;  4 ;   1 ;  787200000 ;    1 ;   67346531
  2326998409969 ;      RT_IP_bitcount_L ;  4 ;   1 ;  787200000 ;    1 ;   66249638
  2327068667995 ;      RT_IP_bitcount_L ;  4 ;   1 ;  787200000 ;    1 ;   65154753
  2327137832575 ;      RT_IP_bitcount_L ;  4 ;   1 ;  787200000 ;    1 ;   65042449
  2327206884959 ;      RT_IP_bitcount_L ;  4 ;   1 ;  787200000 ;    1 ;   64906541
  2327275801762 ;      RT_IP_bitcount_L ;  4 ;   1 ;  787200000 ;    1 ;   66127667
  2327345938981 ;      RT_IP_bitcount_L ;  4 ;   1 ;  787200000 ;    1 ;   67414330
  2327417361961 ;      RT_IP_bitcount_L ;  4 ;   1 ;  787200000 ;    1 ;   67553268
  2327488925273 ;      RT_IP_bitcount_L ;  4 ;   1 ;  787200000 ;    1 ;   66659564
  2327559594104 ;      RT_IP_bitcount_L ;  4 ;   1 ;  787200000 ;    1 ;   65127145
  2327628731000 ;      RT_IP_bitcount_L ;  4 ;   1 ;  787200000 ;    1 ;   65249219
  2327697990260 ;      RT_IP_bitcount_L ;  4 ;   1 ;  787200000 ;    1 ;   65223905
  2327767222908 ;      RT_IP_bitcount_L ;  4 ;   1 ;  787200000 ;    1 ;   66218789
  2327837451825 ;      RT_IP_bitcount_L ;  4 ;   1 ;  787200000 ;    1 ;   67371893
  2327908833828 ;      RT_IP_bitcount_L ;  4 ;   1 ;  787200000 ;    1 ;   67361418
  2327980205175 ;      RT_IP_bitcount_L ;  4 ;   1 ;  787200000 ;    1 ;   65840230
  2328050056033 ;      RT_IP_bitcount_L ;  4 ;   1 ;  787200000 ;    1 ;   65076974
  2328119142063 ;      RT_IP_bitcount_L ;  4 ;   1 ;  787200000 ;    1 ;   65078251
  2328188230762 ;      RT_IP_bitcount_L ;  4 ;   1 ;  787200000 ;    1 ;   64994934
  2328257235027 ;      RT_IP_bitcount_L ;  4 ;   1 ;  787200000 ;    1 ;   66209451
  2328327454777 ;      RT_IP_bitcount_L ;  4 ;   1 ;  787200000 ;    1 ;   67381041
  2328398845580 ;      RT_IP_bitcount_L ;  4 ;   1 ;  787200000 ;    1 ;   67350392
  2328470205076 ;      RT_IP_bitcount_L ;  4 ;   1 ;  787200000 ;    1 ;   65562484
  2328539776901 ;      RT_IP_bitcount_L ;  4 ;   1 ;  787200000 ;    1 ;   65162936
  2328608949951 ;      RT_IP_bitcount_L ;  4 ;   1 ;  787200000 ;    1 ;   65035550
  2328677995260 ;      RT_IP_bitcount_L ;  4 ;   1 ;  787200000 ;    1 ;   65092644
  2328747097461 ;      RT_IP_bitcount_L ;  4 ;   1 ;  787200000 ;    1 ;   68164765
  2328819271678 ;      RT_IP_bitcount_L ;  4 ;   1 ;  787200000 ;    1 ;   67558065
  2328890839703 ;      RT_IP_bitcount_L ;  4 ;   1 ;  787200000 ;    1 ;   67325088
  2328962175265 ;      RT_IP_bitcount_L ;  4 ;   1 ;  787200000 ;    1 ;   65814351
  2329032000154 ;      RT_IP_bitcount_L ;  4 ;   1 ;  787200000 ;    1 ;   65424196
  2329101434837 ;      RT_IP_bitcount_L ;  4 ;   1 ;  787200000 ;    1 ;   66843235
  2329172286506 ;      RT_IP_bitcount_L ;  4 ;   1 ;  787200000 ;    1 ;   65103876
  2329241400405 ;      RT_IP_bitcount_L ;  4 ;   1 ;  787200000 ;    1 ;   67146873
  2329312557270 ;      RT_IP_bitcount_L ;  4 ;   1 ;  787200000 ;    1 ;   67265274
  2329383832646 ;      RT_IP_bitcount_L ;  4 ;   1 ;  787200000 ;    1 ;   66659241
  2329454502941 ;      RT_IP_bitcount_L ;  4 ;   1 ;  787200000 ;    1 ;   65350628
  2329523861409 ;      RT_IP_bitcount_L ;  4 ;   1 ;  787200000 ;    1 ;   65031691
  2329592903455 ;      RT_IP_bitcount_L ;  4 ;   1 ;  787200000 ;    1 ;   65193174
  2329662107017 ;      RT_IP_bitcount_L ;  4 ;   1 ;  787200000 ;    1 ;   65104420
  2329731222956 ;      RT_IP_bitcount_L ;  4 ;   1 ;  787200000 ;    1 ;   67500767
  2329802734559 ;      RT_IP_bitcount_L ;  4 ;   1 ;  787200000 ;    1 ;   67438523
  2329874182472 ;      RT_IP_bitcount_L ;  4 ;   1 ;  787200000 ;    1 ;   66744696
  2329944937075 ;      RT_IP_bitcount_L ;  4 ;   1 ;  787200000 ;    1 ;   65158402
  2330014105014 ;      RT_IP_bitcount_L ;  4 ;   1 ;  787200000 ;    1 ;   64984067
  2330083099389 ;      RT_IP_bitcount_L ;  4 ;   1 ;  787200000 ;    1 ;   64984090
  2330152093849 ;      RT_IP_bitcount_L ;  4 ;   1 ;  787200000 ;    1 ;   65356793
  2330221459306 ;      RT_IP_bitcount_L ;  4 ;   1 ;  787200000 ;    1 ;   67576150
  2330293045509 ;      RT_IP_bitcount_L ;  4 ;   1 ;  787200000 ;    1 ;   67133233
  2330364190411 ;      RT_IP_bitcount_L ;  4 ;   1 ;  787200000 ;    1 ;   66683884
  2330434883900 ;      RT_IP_bitcount_L ;  4 ;   1 ;  787200000 ;    1 ;   65337160
  2330504230799 ;      RT_IP_bitcount_L ;  4 ;   1 ;  787200000 ;    1 ;   65105642
  2330573344280 ;      RT_IP_bitcount_L ;  4 ;   1 ;  787200000 ;    1 ;   65053615
  2330642407157 ;      RT_IP_bitcount_L ;  4 ;   1 ;  787200000 ;    1 ;   65843645
  2330712260045 ;      RT_IP_bitcount_L ;  4 ;   1 ;  787200000 ;    1 ;   67263146
  2330783532945 ;      RT_IP_bitcount_L ;  4 ;   1 ;  787200000 ;    1 ;   67309991
  2330854853266 ;      RT_IP_bitcount_L ;  4 ;   1 ;  787200000 ;    1 ;   66224513
  2330925086134 ;      RT_IP_bitcount_L ;  4 ;   1 ;  787200000 ;    1 ;   65134254
  2330994230880 ;      RT_IP_bitcount_L ;  4 ;   1 ;  787200000 ;    1 ;   65056404
  2331063296668 ;      RT_IP_bitcount_L ;  4 ;   1 ;  787200000 ;    1 ;   65073068
  2331132379483 ;      RT_IP_bitcount_L ;  4 ;   1 ;  787200000 ;    1 ;   66355445
  2331202745097 ;      RT_IP_bitcount_L ;  4 ;   1 ;  787200000 ;    1 ;   67319672
  2331274073976 ;      RT_IP_bitcount_L ;  4 ;   1 ;  787200000 ;    1 ;   67428245
  2331345512611 ;      RT_IP_bitcount_L ;  4 ;   1 ;  787200000 ;    1 ;   65783673
  2331415305919 ;      RT_IP_bitcount_L ;  4 ;   1 ;  787200000 ;    1 ;   65138072
  2331484454449 ;      RT_IP_bitcount_L ;  4 ;   1 ;  787200000 ;    1 ;   65256108
  2331553720116 ;      RT_IP_bitcount_L ;  4 ;   1 ;  787200000 ;    1 ;   65147539
  2331622875779 ;      RT_IP_bitcount_L ;  4 ;   1 ;  787200000 ;    1 ;   67400746
  2331694287181 ;      RT_IP_bitcount_L ;  4 ;   1 ;  787200000 ;    1 ;   67292667
  2331765590939 ;      RT_IP_bitcount_L ;  4 ;   1 ;  787200000 ;    1 ;   67161885
  2331836763459 ;      RT_IP_bitcount_L ;  4 ;   1 ;  787200000 ;    1 ;   65352218
  2331906125804 ;      RT_IP_bitcount_L ;  4 ;   1 ;  787200000 ;    1 ;   65134949
  2331975268782 ;      RT_IP_bitcount_L ;  4 ;   1 ;  787200000 ;    1 ;   65250747
  2332044529339 ;      RT_IP_bitcount_L ;  4 ;   1 ;  787200000 ;    1 ;   66164003
  2332114703022 ;      RT_IP_bitcount_L ;  4 ;   1 ;  787200000 ;    1 ;   67310321
  2332186024395 ;      RT_IP_bitcount_L ;  4 ;   1 ;  787200000 ;    1 ;   67288891
  2332257323929 ;      RT_IP_bitcount_L ;  4 ;   1 ;  787200000 ;    1 ;   65899753
  2332327232503 ;      RT_IP_bitcount_L ;  4 ;   1 ;  787200000 ;    1 ;   64958530
  2332396200594 ;      RT_IP_bitcount_L ;  4 ;   1 ;  787200000 ;    1 ;   65090817
  2332465300953 ;      RT_IP_bitcount_L ;  4 ;   1 ;  787200000 ;    1 ;   65131510
  2332534442598 ;      RT_IP_bitcount_L ;  4 ;   1 ;  787200000 ;    1 ;   67290493
  2332605743875 ;      RT_IP_bitcount_L ;  4 ;   1 ;  787200000 ;    1 ;   67232678
  2332676985227 ;      RT_IP_bitcount_L ;  4 ;   1 ;  787200000 ;    1 ;   66908495
  2332747903741 ;      RT_IP_bitcount_L ;  4 ;   1 ;  787200000 ;    1 ;   65010330
  2332816923535 ;      RT_IP_bitcount_L ;  4 ;   1 ;  787200000 ;    1 ;   65181976
  2332886116057 ;      RT_IP_bitcount_L ;  4 ;   1 ;  787200000 ;    1 ;   65316148
  2332955441850 ;      RT_IP_bitcount_L ;  4 ;   1 ;  787200000 ;    1 ;   65502374
  2333024952873 ;      RT_IP_bitcount_L ;  4 ;   1 ;  787200000 ;    1 ;   67396797
  2333096359484 ;      RT_IP_bitcount_L ;  4 ;   1 ;  787200000 ;    1 ;   67467183
  2333167836715 ;      RT_IP_bitcount_L ;  4 ;   1 ;  787200000 ;    1 ;   66942888
  2333238790270 ;      RT_IP_bitcount_L ;  4 ;   1 ;  787200000 ;    1 ;   65204436
  2333308003823 ;      RT_IP_bitcount_L ;  4 ;   1 ;  787200000 ;    1 ;   65098480
  2333377110400 ;      RT_IP_bitcount_L ;  4 ;   1 ;  787200000 ;    1 ;   65089832
  2333446210725 ;      RT_IP_bitcount_L ;  4 ;   1 ;  787200000 ;    1 ;   65338829
  2333515559292 ;      RT_IP_bitcount_L ;  4 ;   1 ;  787200000 ;    1 ;   67343975
  2333586913634 ;      RT_IP_bitcount_L ;  4 ;   1 ;  787200000 ;    1 ;   67297468
  2333658221582 ;      RT_IP_bitcount_L ;  4 ;   1 ;  787200000 ;    1 ;   67145050
  2333729374803 ;      RT_IP_bitcount_L ;  4 ;   1 ;  787200000 ;    1 ;   65199563
  2333798584898 ;      RT_IP_bitcount_L ;  4 ;   1 ;  787200000 ;    1 ;   65142761
  2333867737828 ;      RT_IP_bitcount_L ;  4 ;   1 ;  787200000 ;    1 ;   65017345
  2333936765187 ;      RT_IP_bitcount_L ;  4 ;   1 ;  787200000 ;    1 ;   65219375
  2334005995433 ;      RT_IP_bitcount_L ;  4 ;   1 ;  787200000 ;    1 ;   67398190
  2334077403177 ;      RT_IP_bitcount_L ;  4 ;   1 ;  787200000 ;    1 ;   67350799
  2334148764199 ;      RT_IP_bitcount_L ;  4 ;   1 ;  787200000 ;    1 ;   67272156
  2334220046283 ;      RT_IP_bitcount_L ;  4 ;   1 ;  787200000 ;    1 ;   65111662
  2334289167600 ;      RT_IP_bitcount_L ;  4 ;   1 ;  787200000 ;    1 ;   65135273
  2334358312590 ;      RT_IP_bitcount_L ;  4 ;   1 ;  787200000 ;    1 ;   65547394
  2334427867842 ;      RT_IP_bitcount_L ;  4 ;   1 ;  787200000 ;    1 ;   65299958
  2334497178000 ;      RT_IP_bitcount_L ;  4 ;   1 ;  787200000 ;    1 ;   67245319
  2334568432833 ;      RT_IP_bitcount_L ;  4 ;   1 ;  787200000 ;    1 ;   67442867
  2334639885541 ;      RT_IP_bitcount_L ;  4 ;   1 ;  787200000 ;    1 ;   66847776
  2334710742644 ;      RT_IP_bitcount_L ;  4 ;   1 ;  787200000 ;    1 ;   65283817
  2334780034754 ;      RT_IP_bitcount_L ;  4 ;   1 ;  787200000 ;    1 ;   65272563
  2334849316881 ;      RT_IP_bitcount_L ;  4 ;   1 ;  787200000 ;    1 ;   65124194
  2334918451067 ;      RT_IP_bitcount_L ;  4 ;   1 ;  787200000 ;    1 ;   65321122
  2334987783605 ;      RT_IP_bitcount_L ;  4 ;   1 ;  787200000 ;    1 ;   67513338
  2335059307286 ;      RT_IP_bitcount_L ;  4 ;   1 ;  787200000 ;    1 ;   67446205
  2335130762488 ;      RT_IP_bitcount_L ;  4 ;   1 ;  787200000 ;    1 ;   67228793
  2335202001321 ;      RT_IP_bitcount_L ;  4 ;   1 ;  787200000 ;    1 ;   65018030
  2335271028811 ;      RT_IP_bitcount_L ;  4 ;   1 ;  787200000 ;    1 ;   65324510
  2335340362678 ;      RT_IP_bitcount_L ;  4 ;   1 ;  787200000 ;    1 ;   65066836
  2335409439081 ;      RT_IP_bitcount_L ;  4 ;   1 ;  787200000 ;    1 ;   65871183
  2335479318593 ;      RT_IP_bitcount_L ;  4 ;   1 ;  787200000 ;    1 ;   67327994
  2335550656218 ;      RT_IP_bitcount_L ;  4 ;   1 ;  787200000 ;    1 ;   67185784
  2335621851880 ;      RT_IP_bitcount_L ;  4 ;   1 ;  787200000 ;    1 ;   66559475
  2335692421017 ;      RT_IP_bitcount_L ;  4 ;   1 ;  787200000 ;    1 ;   65026230
  2335761458689 ;      RT_IP_bitcount_L ;  4 ;   1 ;  787200000 ;    1 ;   65205335
  2335830671648 ;      RT_IP_bitcount_L ;  4 ;   1 ;  787200000 ;    1 ;   65102324
  2335899784253 ;      RT_IP_bitcount_L ;  4 ;   1 ;  787200000 ;    1 ;   65954629
  2335969749219 ;      RT_IP_bitcount_L ;  4 ;   1 ;  787200000 ;    1 ;   67278040
  2336041036958 ;      RT_IP_bitcount_L ;  4 ;   1 ;  787200000 ;    1 ;   67384501
  2336112431052 ;      RT_IP_bitcount_L ;  4 ;   1 ;  787200000 ;    1 ;   66577048
  2336183015885 ;      RT_IP_bitcount_L ;  4 ;   1 ;  787200000 ;    1 ;   65103874
  2336252129871 ;      RT_IP_bitcount_L ;  4 ;   1 ;  787200000 ;    1 ;   65383878
  2336321523517 ;      RT_IP_bitcount_L ;  4 ;   1 ;  787200000 ;    1 ;   65111949
  2336390645318 ;      RT_IP_bitcount_L ;  4 ;   1 ;  787200000 ;    1 ;   66112295
  2336460768285 ;      RT_IP_bitcount_L ;  4 ;   1 ;  787200000 ;    1 ;   67463911
  2336532241093 ;      RT_IP_bitcount_L ;  4 ;   1 ;  787200000 ;    1 ;   67590265
  2336603841469 ;      RT_IP_bitcount_L ;  4 ;   1 ;  787200000 ;    1 ;   66583186
  2336674434445 ;      RT_IP_bitcount_L ;  4 ;   1 ;  787200000 ;    1 ;   65227712
  2336743672729 ;      RT_IP_bitcount_L ;  4 ;   1 ;  787200000 ;    1 ;   65249508
  2336812932278 ;      RT_IP_bitcount_L ;  4 ;   1 ;  787200000 ;    1 ;   65195663
  2336882135653 ;      RT_IP_bitcount_L ;  4 ;   1 ;  787200000 ;    1 ;   65997160
  2336952143345 ;      RT_IP_bitcount_L ;  4 ;   1 ;  787200000 ;    1 ;   67365562
  2337023518835 ;      RT_IP_bitcount_L ;  4 ;   1 ;  787200000 ;    1 ;   67353042
  2337094881568 ;      RT_IP_bitcount_L ;  4 ;   1 ;  787200000 ;    1 ;   65778042
  2337164669206 ;      RT_IP_bitcount_L ;  4 ;   1 ;  787200000 ;    1 ;   65092116
  2337233770171 ;      RT_IP_bitcount_L ;  4 ;   1 ;  787200000 ;    1 ;   65010169
  2337302789846 ;      RT_IP_bitcount_L ;  4 ;   1 ;  787200000 ;    1 ;   65214550
  2337372013843 ;      RT_IP_bitcount_L ;  4 ;   1 ;  787200000 ;    1 ;   67321521
  2337443346316 ;      RT_IP_bitcount_L ;  4 ;   1 ;  787200000 ;    1 ;   67307284
  2337514663031 ;      RT_IP_bitcount_L ;  4 ;   1 ;  787200000 ;    1 ;   66950134
  2337585622643 ;      RT_IP_bitcount_L ;  4 ;   1 ;  787200000 ;    1 ;   65169987
  2337654802428 ;      RT_IP_bitcount_L ;  4 ;   1 ;  787200000 ;    1 ;   65130739
  2337723942980 ;      RT_IP_bitcount_L ;  4 ;   1 ;  787200000 ;    1 ;   65134927
  2337793088310 ;      RT_IP_bitcount_L ;  4 ;   1 ;  787200000 ;    1 ;   65531193
  2337862629747 ;      RT_IP_bitcount_L ;  4 ;   1 ;  787200000 ;    1 ;   67425416
  2337934063416 ;      RT_IP_bitcount_L ;  4 ;   1 ;  787200000 ;    1 ;   67629032
  2338005702325 ;      RT_IP_bitcount_L ;  4 ;   1 ;  787200000 ;    1 ;   67186178
  2338076898303 ;      RT_IP_bitcount_L ;  4 ;   1 ;  787200000 ;    1 ;   65345278
  2338146254494 ;      RT_IP_bitcount_L ;  4 ;   1 ;  787200000 ;    1 ;   65032115
  2338215295577 ;      RT_IP_bitcount_L ;  4 ;   1 ;  787200000 ;    1 ;   65062680
  2338284367113 ;      RT_IP_bitcount_L ;  4 ;   1 ;  787200000 ;    1 ;   65953138
  2338354330317 ;      RT_IP_bitcount_L ;  4 ;   1 ;  787200000 ;    1 ;   67880862
  2338426221501 ;      RT_IP_bitcount_L ;  4 ;   1 ;  787200000 ;    1 ;   67535286
  2338497766199 ;      RT_IP_bitcount_L ;  4 ;   1 ;  787200000 ;    1 ;   65884902
  2338567660466 ;      RT_IP_bitcount_L ;  4 ;   1 ;  787200000 ;    1 ;   65375947
  2338637045253 ;      RT_IP_bitcount_L ;  4 ;   1 ;  787200000 ;    1 ;   64966460
  2338706021393 ;      RT_IP_bitcount_L ;  4 ;   1 ;  787200000 ;    1 ;   65261317
  2338775292442 ;      RT_IP_bitcount_L ;  4 ;   1 ;  787200000 ;    1 ;   67368759
  2338846671068 ;      RT_IP_bitcount_L ;  4 ;   1 ;  787200000 ;    1 ;   67096938
  2338917778283 ;      RT_IP_bitcount_L ;  4 ;   1 ;  787200000 ;    1 ;   67085146
  2338988872044 ;      RT_IP_bitcount_L ;  4 ;   1 ;  787200000 ;    1 ;   64979590
  2339057861592 ;      RT_IP_bitcount_L ;  4 ;   1 ;  787200000 ;    1 ;   65221292
  2339127092692 ;      RT_IP_bitcount_L ;  4 ;   1 ;  787200000 ;    1 ;   64920959
  2339196023858 ;      RT_IP_bitcount_L ;  4 ;   1 ;  787200000 ;    1 ;   65922375
  2339265957232 ;      RT_IP_bitcount_L ;  4 ;   1 ;  787200000 ;    1 ;   67258044
  2339337224592 ;      RT_IP_bitcount_L ;  4 ;   1 ;  787200000 ;    1 ;   67287833
  2339408522083 ;      RT_IP_bitcount_L ;  4 ;   1 ;  787200000 ;    1 ;   67161670
  2339479693388 ;      RT_IP_bitcount_L ;  4 ;   1 ;  787200000 ;    1 ;   65061499
  2339548764070 ;      RT_IP_bitcount_L ;  4 ;   1 ;  787200000 ;    1 ;   65164148
  2339617937867 ;      RT_IP_bitcount_L ;  4 ;   1 ;  787200000 ;    1 ;   65434976
  2339687380885 ;      RT_IP_bitcount_L ;  4 ;   1 ;  787200000 ;    1 ;   66234022
  2339757625827 ;      RT_IP_bitcount_L ;  4 ;   1 ;  787200000 ;    1 ;   67276494
  2339828912259 ;      RT_IP_bitcount_L ;  4 ;   1 ;  787200000 ;    1 ;   67277213
  2339900200288 ;      RT_IP_bitcount_L ;  4 ;   1 ;  787200000 ;    1 ;   66091016
  2339970300228 ;      RT_IP_bitcount_L ;  4 ;   1 ;  787200000 ;    1 ;   65173810
  2340039481878 ;      RT_IP_bitcount_L ;  4 ;   1 ;  787200000 ;    1 ;   65523980
  2340109015631 ;      RT_IP_bitcount_L ;  4 ;   1 ;  787200000 ;    1 ;   65278850
  2340178303820 ;      RT_IP_bitcount_L ;  4 ;   1 ;  787200000 ;    1 ;   67892204
  2340250207616 ;      RT_IP_bitcount_L ;  4 ;   1 ;  787200000 ;    1 ;   67275770
  2340321492350 ;      RT_IP_bitcount_L ;  4 ;   1 ;  787200000 ;    1 ;   67444296
  2340392945551 ;      RT_IP_bitcount_L ;  4 ;   1 ;  787200000 ;    1 ;   65242331
  2340462198126 ;      RT_IP_bitcount_L ;  4 ;   1 ;  787200000 ;    1 ;   65132487
  2340531340484 ;      RT_IP_bitcount_L ;  4 ;   1 ;  787200000 ;    1 ;   65271300
  2340600622414 ;      RT_IP_bitcount_L ;  4 ;   1 ;  787200000 ;    1 ;   65957169
  2340670589806 ;      RT_IP_bitcount_L ;  4 ;   1 ;  787200000 ;    1 ;   67384184
  2340741982195 ;      RT_IP_bitcount_L ;  4 ;   1 ;  787200000 ;    1 ;   67281855
  2340813274629 ;      RT_IP_bitcount_L ;  4 ;   1 ;  787200000 ;    1 ;   66844189
  2340884128733 ;      RT_IP_bitcount_L ;  4 ;   1 ;  787200000 ;    1 ;   65191351
  2340953330388 ;      RT_IP_bitcount_L ;  4 ;   1 ;  787200000 ;    1 ;   65094754
  2341022435169 ;      RT_IP_bitcount_L ;  4 ;   1 ;  787200000 ;    1 ;   65332001
  2341091775683 ;      RT_IP_bitcount_L ;  4 ;   1 ;  787200000 ;    1 ;   66141771
  2341161927655 ;      RT_IP_bitcount_L ;  4 ;   1 ;  787200000 ;    1 ;   67397735
  2341233335205 ;      RT_IP_bitcount_L ;  4 ;   1 ;  787200000 ;    1 ;   67294589
  2341304640136 ;      RT_IP_bitcount_L ;  4 ;   1 ;  787200000 ;    1 ;   66730685
  2341375379962 ;      RT_IP_bitcount_L ;  4 ;   1 ;  787200000 ;    1 ;   65091737
  2341444479622 ;      RT_IP_bitcount_L ;  4 ;   1 ;  787200000 ;    1 ;   65235724
  2341513724875 ;      RT_IP_bitcount_L ;  4 ;   1 ;  787200000 ;    1 ;   65084588
  2341582819157 ;      RT_IP_bitcount_L ;  4 ;   1 ;  787200000 ;    1 ;   67114434
  2341653943942 ;      RT_IP_bitcount_L ;  4 ;   1 ;  787200000 ;    1 ;   67330576
  2341725283874 ;      RT_IP_bitcount_L ;  4 ;   1 ;  787200000 ;    1 ;   67277197
  2341796570129 ;      RT_IP_bitcount_L ;  4 ;   1 ;  787200000 ;    1 ;   65630309
  2341866210022 ;      RT_IP_bitcount_L ;  4 ;   1 ;  787200000 ;    1 ;   65171260
  2341935390510 ;      RT_IP_bitcount_L ;  4 ;   1 ;  787200000 ;    1 ;   65199197
  2342004599536 ;      RT_IP_bitcount_L ;  4 ;   1 ;  787200000 ;    1 ;   65275916
  2342073885071 ;      RT_IP_bitcount_L ;  4 ;   1 ;  787200000 ;    1 ;   67360684
  2342145254160 ;      RT_IP_bitcount_L ;  4 ;   1 ;  787200000 ;    1 ;   67443974
  2342216708214 ;      RT_IP_bitcount_L ;  4 ;   1 ;  787200000 ;    1 ;   67387525
  2342288105532 ;      RT_IP_bitcount_L ;  4 ;   1 ;  787200000 ;    1 ;   65904523
  2342358020897 ;      RT_IP_bitcount_L ;  4 ;   1 ;  787200000 ;    1 ;   65106500
  2342427136782 ;      RT_IP_bitcount_L ;  4 ;   1 ;  787200000 ;    1 ;   65178020
  2342496323445 ;      RT_IP_bitcount_L ;  4 ;   1 ;  787200000 ;    1 ;   65084022
  2342565417475 ;      RT_IP_bitcount_L ;  4 ;   1 ;  787200000 ;    1 ;   67285217
  2342636712995 ;      RT_IP_bitcount_L ;  4 ;   1 ;  787200000 ;    1 ;   67191198
  2342707914438 ;      RT_IP_bitcount_L ;  4 ;   1 ;  787200000 ;    1 ;   67255818
  2342779180089 ;      RT_IP_bitcount_L ;  4 ;   1 ;  787200000 ;    1 ;   65272918
  2342848461946 ;      RT_IP_bitcount_L ;  4 ;   1 ;  787200000 ;    1 ;   65273094
  2342917745141 ;      RT_IP_bitcount_L ;  4 ;   1 ;  787200000 ;    1 ;   65186843
  2342986941987 ;      RT_IP_bitcount_L ;  4 ;   1 ;  787200000 ;    1 ;   65837356
  2343056789582 ;      RT_IP_bitcount_L ;  4 ;   1 ;  787200000 ;    1 ;   67389598
  2343128188383 ;      RT_IP_bitcount_L ;  4 ;   1 ;  787200000 ;    1 ;   67487778
  2343199684753 ;      RT_IP_bitcount_L ;  4 ;   1 ;  787200000 ;    1 ;   66050724
  2343269745700 ;      RT_IP_bitcount_L ;  4 ;   1 ;  787200000 ;    1 ;   65095156
  2343338850374 ;      RT_IP_bitcount_L ;  4 ;   1 ;  787200000 ;    1 ;   65153494
  2343408014478 ;      RT_IP_bitcount_L ;  4 ;   1 ;  787200000 ;    1 ;   65108951
  2343477133237 ;      RT_IP_bitcount_L ;  4 ;   1 ;  787200000 ;    1 ;   67282885
  2343548425082 ;      RT_IP_bitcount_L ;  4 ;   1 ;  787200000 ;    1 ;   67586135
  2343620021360 ;      RT_IP_bitcount_L ;  4 ;   1 ;  787200000 ;    1 ;   67559446
  2343691590798 ;      RT_IP_bitcount_L ;  4 ;   1 ;  787200000 ;    1 ;   65425250
  2343761025512 ;      RT_IP_bitcount_L ;  4 ;   1 ;  787200000 ;    1 ;   65089586
  2343830125607 ;      RT_IP_bitcount_L ;  4 ;   1 ;  787200000 ;    1 ;   65229004
  2343899363217 ;      RT_IP_bitcount_L ;  4 ;   1 ;  787200000 ;    1 ;   65203970
  2343968576691 ;      RT_IP_bitcount_L ;  4 ;   1 ;  787200000 ;    1 ;   67470236
  2344040056819 ;      RT_IP_bitcount_L ;  4 ;   1 ;  787200000 ;    1 ;   67423955
  2344111491314 ;      RT_IP_bitcount_L ;  4 ;   1 ;  787200000 ;    1 ;   67380570
  2344182881965 ;      RT_IP_bitcount_L ;  4 ;   1 ;  787200000 ;    1 ;   65455043
  2344252344811 ;      RT_IP_bitcount_L ;  4 ;   1 ;  787200000 ;    1 ;   65197933
  2344321552454 ;      RT_IP_bitcount_L ;  4 ;   1 ;  787200000 ;    1 ;   65072499
  2344390635123 ;      RT_IP_bitcount_L ;  4 ;   1 ;  787200000 ;    1 ;   65200985
  2344459846218 ;      RT_IP_bitcount_L ;  4 ;   1 ;  787200000 ;    1 ;   67498611
  2344531354877 ;      RT_IP_bitcount_L ;  4 ;   1 ;  787200000 ;    1 ;   67721278
  2344603084807 ;      RT_IP_bitcount_L ;  4 ;   1 ;  787200000 ;    1 ;   67267399
  2344674362567 ;      RT_IP_bitcount_L ;  4 ;   1 ;  787200000 ;    1 ;   65242207
  2344743614418 ;      RT_IP_bitcount_L ;  4 ;   1 ;  787200000 ;    1 ;   65127912
  2344812752276 ;      RT_IP_bitcount_L ;  4 ;   1 ;  787200000 ;    1 ;   65010915
  2344881773055 ;      RT_IP_bitcount_L ;  4 ;   1 ;  787200000 ;    1 ;   65887135
  2344951668809 ;      RT_IP_bitcount_L ;  4 ;   1 ;  787200000 ;    1 ;   67392148
  2345023071048 ;      RT_IP_bitcount_L ;  4 ;   1 ;  787200000 ;    1 ;   67294445
  2345094375638 ;      RT_IP_bitcount_L ;  4 ;   1 ;  787200000 ;    1 ;   67094310
  2345165479662 ;      RT_IP_bitcount_L ;  4 ;   1 ;  787200000 ;    1 ;   65244092
  2345234733140 ;      RT_IP_bitcount_L ;  4 ;   1 ;  787200000 ;    1 ;   65025365
  2345303766667 ;      RT_IP_bitcount_L ;  4 ;   1 ;  787200000 ;    1 ;   65254947
  2345373031056 ;      RT_IP_bitcount_L ;  4 ;   1 ;  787200000 ;    1 ;   66525454
  2345443566478 ;      RT_IP_bitcount_L ;  4 ;   1 ;  787200000 ;    1 ;   67685660
  2345515262591 ;      RT_IP_bitcount_L ;  4 ;   1 ;  787200000 ;    1 ;   67342308
  2345586614331 ;      RT_IP_bitcount_L ;  4 ;   1 ;  787200000 ;    1 ;   66421629
  2345657044025 ;      RT_IP_bitcount_L ;  4 ;   1 ;  787200000 ;    1 ;   65491742
  2345726545300 ;      RT_IP_bitcount_L ;  4 ;   1 ;  787200000 ;    1 ;   65375434
  2345795929885 ;      RT_IP_bitcount_L ;  4 ;   1 ;  787200000 ;    1 ;   65167005
  2345865106295 ;      RT_IP_bitcount_L ;  4 ;   1 ;  787200000 ;    1 ;   67205695
  2345936322169 ;      RT_IP_bitcount_L ;  4 ;   1 ;  787200000 ;    1 ;   67360580
  2346007692235 ;      RT_IP_bitcount_L ;  4 ;   1 ;  787200000 ;    1 ;   67424108
  2346079126499 ;      RT_IP_bitcount_L ;  4 ;   1 ;  787200000 ;    1 ;   65391124
  2346148527009 ;      RT_IP_bitcount_L ;  4 ;   1 ;  787200000 ;    1 ;   65149036
  2346217693528 ;      RT_IP_bitcount_L ;  4 ;   1 ;  787200000 ;    1 ;   65225332
  2346286928639 ;      RT_IP_bitcount_L ;  4 ;   1 ;  787200000 ;    1 ;   65303572
  2346356242500 ;      RT_IP_bitcount_L ;  4 ;   1 ;  787200000 ;    1 ;   67379887
  2346427632483 ;      RT_IP_bitcount_L ;  4 ;   1 ;  787200000 ;    1 ;   67332156
  2346498975250 ;      RT_IP_bitcount_L ;  4 ;   1 ;  787200000 ;    1 ;   67140128
  2346570125955 ;      RT_IP_bitcount_L ;  4 ;   1 ;  787200000 ;    1 ;   65230553
  2346639366116 ;      RT_IP_bitcount_L ;  4 ;   1 ;  787200000 ;    1 ;   65150726
  2346708524994 ;      RT_IP_bitcount_L ;  4 ;   1 ;  787200000 ;    1 ;   65106524
  2346777641589 ;      RT_IP_bitcount_L ;  4 ;   1 ;  787200000 ;    1 ;   65978259
  2346847630012 ;      RT_IP_bitcount_L ;  4 ;   1 ;  787200000 ;    1 ;   67140547
  2346918781124 ;      RT_IP_bitcount_L ;  4 ;   1 ;  787200000 ;    1 ;   67357170
  2346990148526 ;      RT_IP_bitcount_L ;  4 ;   1 ;  787200000 ;    1 ;   68326542
  2347062483976 ;      RT_IP_bitcount_L ;  4 ;   1 ;  787200000 ;    1 ;   65149693
  2347131643719 ;      RT_IP_bitcount_L ;  4 ;   1 ;  787200000 ;    1 ;   64835327
  2347200488731 ;      RT_IP_bitcount_L ;  4 ;   1 ;  787200000 ;    1 ;   64994600
  2347269493804 ;      RT_IP_bitcount_L ;  4 ;   1 ;  787200000 ;    1 ;   66137619
  2347339642726 ;      RT_IP_bitcount_L ;  4 ;   1 ;  787200000 ;    1 ;   67492012
  2347411143449 ;      RT_IP_bitcount_L ;  4 ;   1 ;  787200000 ;    1 ;   67481847
  2347482635574 ;      RT_IP_bitcount_L ;  4 ;   1 ;  787200000 ;    1 ;   65922018
  2347552567457 ;      RT_IP_bitcount_L ;  4 ;   1 ;  787200000 ;    1 ;   65330104
  2347621907557 ;      RT_IP_bitcount_L ;  4 ;   1 ;  787200000 ;    1 ;   65114535
  2347691032535 ;      RT_IP_bitcount_L ;  4 ;   1 ;  787200000 ;    1 ;   65159032
  2347760200705 ;      RT_IP_bitcount_L ;  4 ;   1 ;  787200000 ;    1 ;   67115228
  2347831325629 ;      RT_IP_bitcount_L ;  4 ;   1 ;  787200000 ;    1 ;   67573295
  2347902908767 ;      RT_IP_bitcount_L ;  4 ;   1 ;  787200000 ;    1 ;   67036729
  2347973956129 ;      RT_IP_bitcount_L ;  4 ;   1 ;  787200000 ;    1 ;   65068233
  2348043034949 ;      RT_IP_bitcount_L ;  4 ;   1 ;  787200000 ;    1 ;   65089817
  2348112133030 ;      RT_IP_bitcount_L ;  4 ;   1 ;  787200000 ;    1 ;   65149249
  2348181292775 ;      RT_IP_bitcount_L ;  4 ;   1 ;  787200000 ;    1 ;   65643210
  2348250946030 ;      RT_IP_bitcount_L ;  4 ;   1 ;  787200000 ;    1 ;   67384496
  2348322340276 ;      RT_IP_bitcount_L ;  4 ;   1 ;  787200000 ;    1 ;   67484259
  2348393834443 ;      RT_IP_bitcount_L ;  4 ;   1 ;  787200000 ;    1 ;   65880738
  2348463724093 ;      RT_IP_bitcount_L ;  4 ;   1 ;  787200000 ;    1 ;   65226592
  2348532960225 ;      RT_IP_bitcount_L ;  4 ;   1 ;  787200000 ;    1 ;   65094928
  2348602065018 ;      RT_IP_bitcount_L ;  4 ;   1 ;  787200000 ;    1 ;   65165961
  2348671241373 ;      RT_IP_bitcount_L ;  4 ;   1 ;  787200000 ;    1 ;   67307583
  2348742559551 ;      RT_IP_bitcount_L ;  4 ;   1 ;  787200000 ;    1 ;   67591408
  2348814159356 ;      RT_IP_bitcount_L ;  4 ;   1 ;  787200000 ;    1 ;   66791070
  2348884960138 ;      RT_IP_bitcount_L ;  4 ;   1 ;  787200000 ;    1 ;   65260786
  2348954230542 ;      RT_IP_bitcount_L ;  4 ;   1 ;  787200000 ;    1 ;   64972386
  2349023213097 ;      RT_IP_bitcount_L ;  4 ;   1 ;  787200000 ;    1 ;   65229466
  2349092452082 ;      RT_IP_bitcount_L ;  4 ;   1 ;  787200000 ;    1 ;   65796251
  2349162257173 ;      RT_IP_bitcount_L ;  4 ;   1 ;  787200000 ;    1 ;   67348352
  2349233617140 ;      RT_IP_bitcount_L ;  4 ;   1 ;  787200000 ;    1 ;   67036117
  2349304663767 ;      RT_IP_bitcount_L ;  4 ;   1 ;  787200000 ;    1 ;   66686817
  2349375360961 ;      RT_IP_bitcount_L ;  4 ;   1 ;  787200000 ;    1 ;   65079255
  2349444450237 ;      RT_IP_bitcount_L ;  4 ;   1 ;  787200000 ;    1 ;   65242869
  2349513704453 ;      RT_IP_bitcount_L ;  4 ;   1 ;  787200000 ;    1 ;   65086033
  2349582800541 ;      RT_IP_bitcount_L ;  4 ;   1 ;  787200000 ;    1 ;   66056705
  2349652867970 ;      RT_IP_bitcount_L ;  4 ;   1 ;  787200000 ;    1 ;   67229289
  2349724107837 ;      RT_IP_bitcount_L ;  4 ;   1 ;  787200000 ;    1 ;   67189877
  2349795308136 ;      RT_IP_bitcount_L ;  4 ;   1 ;  787200000 ;    1 ;   66356645
  2349865674463 ;      RT_IP_bitcount_L ;  4 ;   1 ;  787200000 ;    1 ;   65330145
  2349935014682 ;      RT_IP_bitcount_L ;  4 ;   1 ;  787200000 ;    1 ;   65104560
  2350004128224 ;      RT_IP_bitcount_L ;  4 ;   1 ;  787200000 ;    1 ;   65282265
  2350073420646 ;      RT_IP_bitcount_L ;  4 ;   1 ;  787200000 ;    1 ;   66532111
  2350143963238 ;      RT_IP_bitcount_L ;  4 ;   1 ;  787200000 ;    1 ;   67542725
  2350215514663 ;      RT_IP_bitcount_L ;  4 ;   1 ;  787200000 ;    1 ;   67292415
  2350286817474 ;      RT_IP_bitcount_L ;  4 ;   1 ;  787200000 ;    1 ;   66577382
  2350357403841 ;      RT_IP_bitcount_L ;  4 ;   1 ;  787200000 ;    1 ;   65105541
  2350426519603 ;      RT_IP_bitcount_L ;  4 ;   1 ;  787200000 ;    1 ;   65248185
  2350495777632 ;      RT_IP_bitcount_L ;  4 ;   1 ;  787200000 ;    1 ;   64976952
  2350564763230 ;      RT_IP_bitcount_L ;  4 ;   1 ;  787200000 ;    1 ;   66009563
  2350634782549 ;      RT_IP_bitcount_L ;  4 ;   1 ;  787200000 ;    1 ;   67395458
  2350706188634 ;      RT_IP_bitcount_L ;  4 ;   1 ;  787200000 ;    1 ;   67240059
  2350777439817 ;      RT_IP_bitcount_L ;  4 ;   1 ;  787200000 ;    1 ;   66203074
  2350847652457 ;      RT_IP_bitcount_L ;  4 ;   1 ;  787200000 ;    1 ;   65175150
  2350916837301 ;      RT_IP_bitcount_L ;  4 ;   1 ;  787200000 ;    1 ;   65235031
  2350986082121 ;      RT_IP_bitcount_L ;  4 ;   1 ;  787200000 ;    1 ;   65002250
  2351055094596 ;      RT_IP_bitcount_L ;  4 ;   1 ;  787200000 ;    1 ;   66299377
  2351125404303 ;      RT_IP_bitcount_L ;  4 ;   1 ;  787200000 ;    1 ;   67733167
  2351197147105 ;      RT_IP_bitcount_L ;  4 ;   1 ;  787200000 ;    1 ;   67486058
  2351268640649 ;      RT_IP_bitcount_L ;  4 ;   1 ;  787200000 ;    1 ;   66033369
  2351338683463 ;      RT_IP_bitcount_L ;  4 ;   1 ;  787200000 ;    1 ;   65544524
  2351408238113 ;      RT_IP_bitcount_L ;  4 ;   1 ;  787200000 ;    1 ;   65131901
  2351477380397 ;      RT_IP_bitcount_L ;  4 ;   1 ;  787200000 ;    1 ;   65106881
  2351546497389 ;      RT_IP_bitcount_L ;  4 ;   1 ;  787200000 ;    1 ;   66135545
  2351616641018 ;      RT_IP_bitcount_L ;  4 ;   1 ;  787200000 ;    1 ;   67307924
  2351687958939 ;      RT_IP_bitcount_L ;  4 ;   1 ;  787200000 ;    1 ;   67124128
  2351759093099 ;      RT_IP_bitcount_L ;  4 ;   1 ;  787200000 ;    1 ;   66258520
  2351829362067 ;      RT_IP_bitcount_L ;  4 ;   1 ;  787200000 ;    1 ;   65114596
  2351898486934 ;      RT_IP_bitcount_L ;  4 ;   1 ;  787200000 ;    1 ;   65427786
  2351967922890 ;      RT_IP_bitcount_L ;  4 ;   1 ;  787200000 ;    1 ;   65333374
  2352037266184 ;      RT_IP_bitcount_L ;  4 ;   1 ;  787200000 ;    1 ;   67427991
  2352108704589 ;      RT_IP_bitcount_L ;  4 ;   1 ;  787200000 ;    1 ;   67162556
  2352179878295 ;      RT_IP_bitcount_L ;  4 ;   1 ;  787200000 ;    1 ;   66988159
  2352250876197 ;      RT_IP_bitcount_L ;  4 ;   1 ;  787200000 ;    1 ;   65065687
  2352319949876 ;      RT_IP_bitcount_L ;  4 ;   1 ;  787200000 ;    1 ;   65252343
  2352389211939 ;      RT_IP_bitcount_L ;  4 ;   1 ;  787200000 ;    1 ;   65046444
  2352458268200 ;      RT_IP_bitcount_L ;  4 ;   1 ;  787200000 ;    1 ;   65194098
  2352527472695 ;      RT_IP_bitcount_L ;  4 ;   1 ;  787200000 ;    1 ;   67322495
  2352598804998 ;      RT_IP_bitcount_L ;  4 ;   1 ;  787200000 ;    1 ;   67390197
  2352670203233 ;      RT_IP_bitcount_L ;  4 ;   1 ;  787200000 ;    1 ;   66859193
  2352741072918 ;      RT_IP_bitcount_L ;  4 ;   1 ;  787200000 ;    1 ;   65213423
  2352810295516 ;      RT_IP_bitcount_L ;  4 ;   1 ;  787200000 ;    1 ;   65128318
  2352879433876 ;      RT_IP_bitcount_L ;  4 ;   1 ;  787200000 ;    1 ;   65503895
  2352948947185 ;      RT_IP_bitcount_L ;  4 ;   1 ;  787200000 ;    1 ;   65833804
  2353018790039 ;      RT_IP_bitcount_L ;  4 ;   1 ;  787200000 ;    1 ;   67596827
  2353090397173 ;      RT_IP_bitcount_L ;  4 ;   1 ;  787200000 ;    1 ;   67238052
  2353161645556 ;      RT_IP_bitcount_L ;  4 ;   1 ;  787200000 ;    1 ;   67010493
  2353232665962 ;      RT_IP_bitcount_L ;  4 ;   1 ;  787200000 ;    1 ;   65021515
  2353301698059 ;      RT_IP_bitcount_L ;  4 ;   1 ;  787200000 ;    1 ;   65055872
  2353370762324 ;      RT_IP_bitcount_L ;  4 ;   1 ;  787200000 ;    1 ;   65101087
  2353439873244 ;      RT_IP_bitcount_L ;  4 ;   1 ;  787200000 ;    1 ;   65281632
  2353509164904 ;      RT_IP_bitcount_L ;  4 ;   1 ;  787200000 ;    1 ;   67439086
  2353580614231 ;      RT_IP_bitcount_L ;  4 ;   1 ;  787200000 ;    1 ;   67570312
  2353652194110 ;      RT_IP_bitcount_L ;  4 ;   1 ;  787200000 ;    1 ;   67355397
  2353723557855 ;      RT_IP_bitcount_L ;  4 ;   1 ;  787200000 ;    1 ;   65473231
  2353793042834 ;      RT_IP_bitcount_L ;  4 ;   1 ;  787200000 ;    1 ;   64921297
  2353861974476 ;      RT_IP_bitcount_L ;  4 ;   1 ;  787200000 ;    1 ;   65022709
  2353931006887 ;      RT_IP_bitcount_L ;  4 ;   1 ;  787200000 ;    1 ;   65141660
  2354000158085 ;      RT_IP_bitcount_L ;  4 ;   1 ;  787200000 ;    1 ;   67295850
  2354071462077 ;      RT_IP_bitcount_L ;  4 ;   1 ;  787200000 ;    1 ;   67916489
  2354143388286 ;      RT_IP_bitcount_L ;  4 ;   1 ;  787200000 ;    1 ;   66901220
  2354214299230 ;      RT_IP_bitcount_L ;  4 ;   1 ;  787200000 ;    1 ;   65060065
  2354283369322 ;      RT_IP_bitcount_L ;  4 ;   1 ;  787200000 ;    1 ;   65109143
  2354352487699 ;      RT_IP_bitcount_L ;  4 ;   1 ;  787200000 ;    1 ;   65057643
  2354421553897 ;      RT_IP_bitcount_L ;  4 ;   1 ;  787200000 ;    1 ;   65561337
  2354491125287 ;      RT_IP_bitcount_L ;  4 ;   1 ;  787200000 ;    1 ;   67350494
  2354562486295 ;      RT_IP_bitcount_L ;  4 ;   1 ;  787200000 ;    1 ;   67208047
  2354633707393 ;      RT_IP_bitcount_L ;  4 ;   1 ;  787200000 ;    1 ;   66702962
  2354704420561 ;      RT_IP_bitcount_L ;  4 ;   1 ;  787200000 ;    1 ;   65158451
  2354773587603 ;      RT_IP_bitcount_L ;  4 ;   1 ;  787200000 ;    1 ;   65078340
  2354842675791 ;      RT_IP_bitcount_L ;  4 ;   1 ;  787200000 ;    1 ;   65342281
  2354912027757 ;      RT_IP_bitcount_L ;  4 ;   1 ;  787200000 ;    1 ;   65993608
  2354982031932 ;      RT_IP_bitcount_L ;  4 ;   1 ;  787200000 ;    1 ;   67464099
  2355053505095 ;      RT_IP_bitcount_L ;  4 ;   1 ;  787200000 ;    1 ;   67444732
  2355124957942 ;      RT_IP_bitcount_L ;  4 ;   1 ;  787200000 ;    1 ;   66222945
  2355195190841 ;      RT_IP_bitcount_L ;  4 ;   1 ;  787200000 ;    1 ;   64974586
  2355264175065 ;      RT_IP_bitcount_L ;  4 ;   1 ;  787200000 ;    1 ;   65117512
  2355333302231 ;      RT_IP_bitcount_L ;  4 ;   1 ;  787200000 ;    1 ;   65073641
  2355402385537 ;      RT_IP_bitcount_L ;  4 ;   1 ;  787200000 ;    1 ;   66138390
  2355472532213 ;      RT_IP_bitcount_L ;  4 ;   1 ;  787200000 ;    1 ;   67534475
  2355544076685 ;      RT_IP_bitcount_L ;  4 ;   1 ;  787200000 ;    1 ;   67226865
  2355615313599 ;      RT_IP_bitcount_L ;  4 ;   1 ;  787200000 ;    1 ;   65542593
  2355684866252 ;      RT_IP_bitcount_L ;  4 ;   1 ;  787200000 ;    1 ;   65028340
  2355753904441 ;      RT_IP_bitcount_L ;  4 ;   1 ;  787200000 ;    1 ;   64827240
  2355822740021 ;      RT_IP_bitcount_L ;  4 ;   1 ;  787200000 ;    1 ;   65457882
  2355892207287 ;      RT_IP_bitcount_L ;  4 ;   1 ;  787200000 ;    1 ;   66216096
  2355962433208 ;      RT_IP_bitcount_L ;  4 ;   1 ;  787200000 ;    1 ;   67441364
  2356033884669 ;      RT_IP_bitcount_L ;  4 ;   1 ;  787200000 ;    1 ;   67417068
  2356105311268 ;      RT_IP_bitcount_L ;  4 ;   1 ;  787200000 ;    1 ;   66083590
  2356175403179 ;      RT_IP_bitcount_L ;  4 ;   1 ;  787200000 ;    1 ;   65059161
  2356244472183 ;      RT_IP_bitcount_L ;  4 ;   1 ;  787200000 ;    1 ;   65125115
  2356313606671 ;      RT_IP_bitcount_L ;  4 ;   1 ;  787200000 ;    1 ;   64976872
  2356382593909 ;      RT_IP_bitcount_L ;  4 ;   1 ;  787200000 ;    1 ;   67531560
  2356454135510 ;      RT_IP_bitcount_L ;  4 ;   1 ;  787200000 ;    1 ;   67456568
  2356525601537 ;      RT_IP_bitcount_L ;  4 ;   1 ;  787200000 ;    1 ;   67074264
  2356596685228 ;      RT_IP_bitcount_L ;  4 ;   1 ;  787200000 ;    1 ;   65172610
  2356665867581 ;      RT_IP_bitcount_L ;  4 ;   1 ;  787200000 ;    1 ;   65096151
  2356734974149 ;      RT_IP_bitcount_L ;  4 ;   1 ;  787200000 ;    1 ;   65467986
  2356804451601 ;      RT_IP_bitcount_L ;  4 ;   1 ;  787200000 ;    1 ;   65197947
  2356873658570 ;      RT_IP_bitcount_L ;  4 ;   1 ;  787200000 ;    1 ;   67256889
  2356944925384 ;      RT_IP_bitcount_L ;  4 ;   1 ;  787200000 ;    1 ;   67151876
  2357016086967 ;      RT_IP_bitcount_L ;  4 ;   1 ;  787200000 ;    1 ;   66803563
  2357086900618 ;      RT_IP_bitcount_L ;  4 ;   1 ;  787200000 ;    1 ;   65100512
  2357156010518 ;      RT_IP_bitcount_L ;  4 ;   1 ;  787200000 ;    1 ;   65285274
  2357225304630 ;      RT_IP_bitcount_L ;  4 ;   1 ;  787200000 ;    1 ;   65203843
  2357294517848 ;      RT_IP_bitcount_L ;  4 ;   1 ;  787200000 ;    1 ;   65127680
  2357363654849 ;      RT_IP_bitcount_L ;  4 ;   1 ;  787200000 ;    1 ;   67328345
  2357434993143 ;      RT_IP_bitcount_L ;  4 ;   1 ;  787200000 ;    1 ;   67443039
  2357506446523 ;      RT_IP_bitcount_L ;  4 ;   1 ;  787200000 ;    1 ;   67510286
  2357577965448 ;      RT_IP_bitcount_L ;  4 ;   1 ;  787200000 ;    1 ;   65338010
  2357647313930 ;      RT_IP_bitcount_L ;  4 ;   1 ;  787200000 ;    1 ;   65183708
  2357716506808 ;      RT_IP_bitcount_L ;  4 ;   1 ;  787200000 ;    1 ;   65160665
  2357785677970 ;      RT_IP_bitcount_L ;  4 ;   1 ;  787200000 ;    1 ;   65356678
  2357855044227 ;      RT_IP_bitcount_L ;  4 ;   1 ;  787200000 ;    1 ;   67539446
  2357926592835 ;      RT_IP_bitcount_L ;  4 ;   1 ;  787200000 ;    1 ;   67553074
  2357998156350 ;      RT_IP_bitcount_L ;  4 ;   1 ;  787200000 ;    1 ;   67427636
  2358069593753 ;      RT_IP_bitcount_L ;  4 ;   1 ;  787200000 ;    1 ;   65449002
  2358139053117 ;      RT_IP_bitcount_L ;  4 ;   1 ;  787200000 ;    1 ;   65148888
  2358208211348 ;      RT_IP_bitcount_L ;  4 ;   1 ;  787200000 ;    1 ;   65116082
  2358277336189 ;      RT_IP_bitcount_L ;  4 ;   1 ;  787200000 ;    1 ;   65140859
  2358346486655 ;      RT_IP_bitcount_L ;  4 ;   1 ;  787200000 ;    1 ;   67558204
  2358418055029 ;      RT_IP_bitcount_L ;  4 ;   1 ;  787200000 ;    1 ;   67697369
  2358489763483 ;      RT_IP_bitcount_L ;  4 ;   1 ;  787200000 ;    1 ;   67157458
  2358560930674 ;      RT_IP_bitcount_L ;  4 ;   1 ;  787200000 ;    1 ;   65157260
  2358630096192 ;      RT_IP_bitcount_L ;  4 ;   1 ;  787200000 ;    1 ;   65285194
  2358699391175 ;      RT_IP_bitcount_L ;  4 ;   1 ;  787200000 ;    1 ;   65245648
  2358768646380 ;      RT_IP_bitcount_L ;  4 ;   1 ;  787200000 ;    1 ;   65439804
  2358838096464 ;      RT_IP_bitcount_L ;  4 ;   1 ;  787200000 ;    1 ;   67378064
  2358909484028 ;      RT_IP_bitcount_L ;  4 ;   1 ;  787200000 ;    1 ;   67237331
  2358980729955 ;      RT_IP_bitcount_L ;  4 ;   1 ;  787200000 ;    1 ;   67307386
  2359052047253 ;      RT_IP_bitcount_L ;  4 ;   1 ;  787200000 ;    1 ;   65207382
  2359121264360 ;      RT_IP_bitcount_L ;  4 ;   1 ;  787200000 ;    1 ;   65140289
  2359190414744 ;      RT_IP_bitcount_L ;  4 ;   1 ;  787200000 ;    1 ;   65079445
  2359259503620 ;      RT_IP_bitcount_L ;  4 ;   1 ;  787200000 ;    1 ;   65603955
  2359329116559 ;      RT_IP_bitcount_L ;  4 ;   1 ;  787200000 ;    1 ;   67374245
  2359400500610 ;      RT_IP_bitcount_L ;  4 ;   1 ;  787200000 ;    1 ;   67264619
  2359471775147 ;      RT_IP_bitcount_L ;  4 ;   1 ;  787200000 ;    1 ;   67219062
  2359543004787 ;      RT_IP_bitcount_L ;  4 ;   1 ;  787200000 ;    1 ;   65234078
  2359612248637 ;      RT_IP_bitcount_L ;  4 ;   1 ;  787200000 ;    1 ;   65407549
  2359681664886 ;      RT_IP_bitcount_L ;  4 ;   1 ;  787200000 ;    1 ;   65039732
  2359750714144 ;      RT_IP_bitcount_L ;  4 ;   1 ;  787200000 ;    1 ;   65955361
  2359820678721 ;      RT_IP_bitcount_L ;  4 ;   1 ;  787200000 ;    1 ;   67404536
  2359892093346 ;      RT_IP_bitcount_L ;  4 ;   1 ;  787200000 ;    1 ;   67509420
  2359963612512 ;      RT_IP_bitcount_L ;  4 ;   1 ;  787200000 ;    1 ;   66387132
  2360034008055 ;      RT_IP_bitcount_L ;  4 ;   1 ;  787200000 ;    1 ;   65270392
  2360103288030 ;      RT_IP_bitcount_L ;  4 ;   1 ;  787200000 ;    1 ;   65423755
  2360172721667 ;      RT_IP_bitcount_L ;  4 ;   1 ;  787200000 ;    1 ;   65136133
  2360241867711 ;      RT_IP_bitcount_L ;  4 ;   1 ;  787200000 ;    1 ;   67215013
  2360313093116 ;      RT_IP_bitcount_L ;  4 ;   1 ;  787200000 ;    1 ;   67492343
  2360384594194 ;      RT_IP_bitcount_L ;  4 ;   1 ;  787200000 ;    1 ;   67202250
  2360455806291 ;      RT_IP_bitcount_L ;  4 ;   1 ;  787200000 ;    1 ;   65105483
  2360524921227 ;      RT_IP_bitcount_L ;  4 ;   1 ;  787200000 ;    1 ;   65352224
  2360594282819 ;      RT_IP_bitcount_L ;  4 ;   1 ;  787200000 ;    1 ;   65167943
  2360663460316 ;      RT_IP_bitcount_L ;  4 ;   1 ;  787200000 ;    1 ;   65152525
  2360732622684 ;      RT_IP_bitcount_L ;  4 ;   1 ;  787200000 ;    1 ;   67357045
  2360803989206 ;      RT_IP_bitcount_L ;  4 ;   1 ;  787200000 ;    1 ;   67409943
  2360875408502 ;      RT_IP_bitcount_L ;  4 ;   1 ;  787200000 ;    1 ;   67377478
  2360946796146 ;      RT_IP_bitcount_L ;  4 ;   1 ;  787200000 ;    1 ;   65206643
  2361016012467 ;      RT_IP_bitcount_L ;  4 ;   1 ;  787200000 ;    1 ;   65334021
  2361085354988 ;      RT_IP_bitcount_L ;  4 ;   1 ;  787200000 ;    1 ;   65379158
  2361154744026 ;      RT_IP_bitcount_L ;  4 ;   1 ;  787200000 ;    1 ;   65788935
  2361224542616 ;      RT_IP_bitcount_L ;  4 ;   1 ;  787200000 ;    1 ;   67257512
  2361295810766 ;      RT_IP_bitcount_L ;  4 ;   1 ;  787200000 ;    1 ;   67194256
  2361367015401 ;      RT_IP_bitcount_L ;  4 ;   1 ;  787200000 ;    1 ;   66319687
  2361437345025 ;      RT_IP_bitcount_L ;  4 ;   1 ;  787200000 ;    1 ;   65046215
  2361506402392 ;      RT_IP_bitcount_L ;  4 ;   1 ;  787200000 ;    1 ;   65139096
  2361575551427 ;      RT_IP_bitcount_L ;  4 ;   1 ;  787200000 ;    1 ;   65221262
  2361644782905 ;      RT_IP_bitcount_L ;  4 ;   1 ;  787200000 ;    1 ;   67114934
  2361715907952 ;      RT_IP_bitcount_L ;  4 ;   1 ;  787200000 ;    1 ;   67455429
  2361787371897 ;      RT_IP_bitcount_L ;  4 ;   1 ;  787200000 ;    1 ;   67472431
  2361858853719 ;      RT_IP_bitcount_L ;  4 ;   1 ;  787200000 ;    1 ;   65382818
  2361928246226 ;      RT_IP_bitcount_L ;  4 ;   1 ;  787200000 ;    1 ;   65114418
  2361997370488 ;      RT_IP_bitcount_L ;  4 ;   1 ;  787200000 ;    1 ;   65262639
  2362066644181 ;      RT_IP_bitcount_L ;  4 ;   1 ;  787200000 ;    1 ;   65110186
  2362135762109 ;      RT_IP_bitcount_L ;  4 ;   1 ;  787200000 ;    1 ;   66419563
  2362206192036 ;      RT_IP_bitcount_L ;  4 ;   1 ;  787200000 ;    1 ;   67361958
  2362277565383 ;      RT_IP_bitcount_L ;  4 ;   1 ;  787200000 ;    1 ;   67389278
  2362348964800 ;      RT_IP_bitcount_L ;  4 ;   1 ;  787200000 ;    1 ;   65770432
  2362418744847 ;      RT_IP_bitcount_L ;  4 ;   1 ;  787200000 ;    1 ;   65246110
  2362487998618 ;      RT_IP_bitcount_L ;  4 ;   1 ;  787200000 ;    1 ;   65060618
  2362557068906 ;      RT_IP_bitcount_L ;  4 ;   1 ;  787200000 ;    1 ;   64968907
  2362626047290 ;      RT_IP_bitcount_L ;  4 ;   1 ;  787200000 ;    1 ;   66907451
  2362696964759 ;      RT_IP_bitcount_L ;  4 ;   1 ;  787200000 ;    1 ;   67316544
  2362768291847 ;      RT_IP_bitcount_L ;  4 ;   1 ;  787200000 ;    1 ;   67281526
  2362839581942 ;      RT_IP_bitcount_L ;  4 ;   1 ;  787200000 ;    1 ;   65621959
  2362909213339 ;      RT_IP_bitcount_L ;  4 ;   1 ;  787200000 ;    1 ;   65160140
  2362978382665 ;      RT_IP_bitcount_L ;  4 ;   1 ;  787200000 ;    1 ;   64917693
  2363047310368 ;      RT_IP_bitcount_L ;  4 ;   1 ;  787200000 ;    1 ;   65227550
  2363116548332 ;      RT_IP_bitcount_L ;  4 ;   1 ;  787200000 ;    1 ;   67299457
  2363187855683 ;      RT_IP_bitcount_L ;  4 ;   1 ;  787200000 ;    1 ;   67451742
  2363259318053 ;      RT_IP_bitcount_L ;  4 ;   1 ;  787200000 ;    1 ;   67303123
  2363330631024 ;      RT_IP_bitcount_L ;  4 ;   1 ;  787200000 ;    1 ;   65315789
  2363399956319 ;      RT_IP_bitcount_L ;  4 ;   1 ;  787200000 ;    1 ;   64942634
  2363468908527 ;      RT_IP_bitcount_L ;  4 ;   1 ;  787200000 ;    1 ;   65129601
  2363538046452 ;      RT_IP_bitcount_L ;  4 ;   1 ;  787200000 ;    1 ;   65940986
  2363607997173 ;      RT_IP_bitcount_L ;  4 ;   1 ;  787200000 ;    1 ;   67484958
  2363679491887 ;      RT_IP_bitcount_L ;  4 ;   1 ;  787200000 ;    1 ;   67279058
  2363750781260 ;      RT_IP_bitcount_L ;  4 ;   1 ;  787200000 ;    1 ;   65948270
  2363820738690 ;      RT_IP_bitcount_L ;  4 ;   1 ;  787200000 ;    1 ;   65126861
  2363889874293 ;      RT_IP_bitcount_L ;  4 ;   1 ;  787200000 ;    1 ;   65267766
  2363959152202 ;      RT_IP_bitcount_L ;  4 ;   1 ;  787200000 ;    1 ;   65011537
  2364028173224 ;      RT_IP_bitcount_L ;  4 ;   1 ;  787200000 ;    1 ;   67194564
  2364099377709 ;      RT_IP_bitcount_L ;  4 ;   1 ;  787200000 ;    1 ;   67306889
  2364170694724 ;      RT_IP_bitcount_L ;  4 ;   1 ;  787200000 ;    1 ;   67221870
  2364241924170 ;      RT_IP_bitcount_L ;  4 ;   1 ;  787200000 ;    1 ;   65122293
  2364311056329 ;      RT_IP_bitcount_L ;  4 ;   1 ;  787200000 ;    1 ;   64981781
  2364380047719 ;      RT_IP_bitcount_L ;  4 ;   1 ;  787200000 ;    1 ;   65225710
  2364449283723 ;      RT_IP_bitcount_L ;  4 ;   1 ;  787200000 ;    1 ;   65246089
  2364518539959 ;      RT_IP_bitcount_L ;  4 ;   1 ;  787200000 ;    1 ;   67292930
  2364589841683 ;      RT_IP_bitcount_L ;  4 ;   1 ;  787200000 ;    1 ;   67296575
  2364661148729 ;      RT_IP_bitcount_L ;  4 ;   1 ;  787200000 ;    1 ;   67071589
  2364732229434 ;      RT_IP_bitcount_L ;  4 ;   1 ;  787200000 ;    1 ;   64997861
  2364801237710 ;      RT_IP_bitcount_L ;  4 ;   1 ;  787200000 ;    1 ;   65102403
  2364870349370 ;      RT_IP_bitcount_L ;  4 ;   1 ;  787200000 ;    1 ;   67090615
  2364941450991 ;      RT_IP_bitcount_L ;  4 ;   1 ;  787200000 ;    1 ;   65034565
  2365010496338 ;      RT_IP_bitcount_L ;  4 ;   1 ;  787200000 ;    1 ;   67238878
  2365081746482 ;      RT_IP_bitcount_L ;  4 ;   1 ;  787200000 ;    1 ;   67208751
