      timestamp ;                 name ; ID ; HRT ;   deadline ; aff. ;   duration
  2200029940196 ; RT_VR_stringsearch_L ;  3 ;   1 ;  153600000 ;    1 ;  855835276
  2200889781904 ; RT_VR_stringsearch_L ;  3 ;   1 ;  153600000 ;    1 ;   10457132
  2200904244046 ; RT_VR_stringsearch_L ;  3 ;   1 ;  153600000 ;    1 ;  952322807
  2201860570488 ; RT_VR_stringsearch_L ;  3 ;   1 ;  153600000 ;    1 ; 2411051412
  2204275625241 ; RT_VR_stringsearch_L ;  3 ;   1 ;  153600000 ;    1 ; 3122156487
  2207401785048 ; RT_VR_stringsearch_L ;  3 ;   1 ;  153600000 ;    1 ; 4581438083
  2211987228361 ; RT_VR_stringsearch_L ;  3 ;   1 ;  153600000 ;    1 ; 4454364400
  2216445596160 ; RT_VR_stringsearch_L ;  3 ;   1 ;  153600000 ;    1 ; 4568200901
  2221017800654 ; RT_VR_stringsearch_L ;  3 ;   1 ;  153600000 ;    1 ; 3074498159
  2224096302030 ; RT_VR_stringsearch_L ;  3 ;   1 ;  153600000 ;    1 ; 1193233403
  2225293539319 ; RT_VR_stringsearch_L ;  3 ;   1 ;  153600000 ;    1 ; 1258779458
  2226556323418 ; RT_VR_stringsearch_L ;  3 ;   1 ;  153600000 ;    1 ; 1255696103
  2227816022925 ; RT_VR_stringsearch_L ;  3 ;   1 ;  153600000 ;    1 ; 1201249895
  2229021276119 ; RT_VR_stringsearch_L ;  3 ;   1 ;  153600000 ;    1 ; 1160532671
  2230185812172 ; RT_VR_stringsearch_L ;  3 ;   1 ;  153600000 ;    1 ; 2250682872
  2232440498339 ; RT_VR_stringsearch_L ;  3 ;   1 ;  153600000 ;    1 ; 3173864253
  2235618365742 ; RT_VR_stringsearch_L ;  3 ;   1 ;  153600000 ;    1 ; 1412674136
  2237035043180 ; RT_VR_stringsearch_L ;  3 ;   1 ;  153600000 ;    1 ; 1230849091
  2238269896080 ; RT_VR_stringsearch_L ;  3 ;   1 ;  153600000 ;    1 ; 1186074046
  2239459974166 ; RT_VR_stringsearch_L ;  3 ;   1 ;  153600000 ;    1 ; 1172340384
  2240636319015 ; RT_VR_stringsearch_L ;  3 ;   1 ;  153600000 ;    1 ; 1263843780
  2241904166121 ; RT_VR_stringsearch_L ;  3 ;   1 ;  153600000 ;    1 ; 1268020599
  2243176190537 ; RT_VR_stringsearch_L ;  3 ;   1 ;  153600000 ;    1 ; 1187348282
  2244367542884 ; RT_VR_stringsearch_L ;  3 ;   1 ;  153600000 ;    1 ; 3297216985
  2247668763305 ; RT_VR_stringsearch_L ;  3 ;   1 ;  153600000 ;    1 ; 1311927044
  2248984693488 ; RT_VR_stringsearch_L ;  3 ;   1 ;  153600000 ;    1 ; 1205820690
  2250194517386 ; RT_VR_stringsearch_L ;  3 ;   1 ;  153600000 ;    1 ; 1328800263
  2251527321752 ; RT_VR_stringsearch_L ;  3 ;   1 ;  153600000 ;    1 ; 1350516753
  2252881842354 ; RT_VR_stringsearch_L ;  3 ;   1 ;  153600000 ;    1 ; 1206762252
  2254092607912 ; RT_VR_stringsearch_L ;  3 ;   1 ;  153600000 ;    1 ; 1174703471
  2255271315460 ; RT_VR_stringsearch_L ;  3 ;   1 ;  153600000 ;    1 ; 1096957473
  2256372276858 ; RT_VR_stringsearch_L ;  3 ;   1 ;  153600000 ;    1 ; 2936809120
  2259313089243 ; RT_VR_stringsearch_L ;  3 ;   1 ;  153600000 ;    1 ; 4521058872
  2263838151564 ; RT_VR_stringsearch_L ;  3 ;   1 ;  153600000 ;    1 ; 5659394782
  2269501551080 ; RT_VR_stringsearch_L ;  3 ;   1 ;  153600000 ;    1 ; 1576228428
  2271081783357 ; RT_VR_stringsearch_L ;  3 ;   1 ;  153600000 ;    1 ; 1200129496
  2272285916267 ; RT_VR_stringsearch_L ;  3 ;   1 ;  153600000 ;    1 ; 1250169170
  2273540089110 ; RT_VR_stringsearch_L ;  3 ;   1 ;  153600000 ;    1 ; 1240152846
  2274784245370 ; RT_VR_stringsearch_L ;  3 ;   1 ;  153600000 ;    1 ; 1201493777
  2275989742386 ; RT_VR_stringsearch_L ;  3 ;   1 ;  153600000 ;    1 ; 1139834659
  2277133580713 ; RT_VR_stringsearch_L ;  3 ;   1 ;  153600000 ;    1 ; 1149523044
  2278287107558 ; RT_VR_stringsearch_L ;  3 ;   1 ;  153600000 ;    1 ; 1117113311
  2279408224728 ; RT_VR_stringsearch_L ;  3 ;   1 ;  153600000 ;    1 ; 2433304690
  2281845533052 ; RT_VR_stringsearch_L ;  3 ;   1 ;  153600000 ;    1 ;  689002533
  2282538539954 ; RT_VR_stringsearch_L ;  3 ;   1 ;  153600000 ;    1 ; 1313306547
  2283855849727 ; RT_VR_stringsearch_L ;  3 ;   1 ;  153600000 ;    1 ; 1220881692
  2285080734746 ; RT_VR_stringsearch_L ;  3 ;   1 ;  153600000 ;    1 ; 1186695527
  2286271433899 ; RT_VR_stringsearch_L ;  3 ;   1 ;  153600000 ;    1 ; 1166025935
  2287441467918 ; RT_VR_stringsearch_L ;  3 ;   1 ;  153600000 ;    1 ; 1258040137
  2288703511742 ; RT_VR_stringsearch_L ;  3 ;   1 ;  153600000 ;    1 ; 1251767534
  2289959282708 ; RT_VR_stringsearch_L ;  3 ;   1 ;  153600000 ;    1 ; 1173178709
  2291136465232 ; RT_VR_stringsearch_L ;  3 ;   1 ;  153600000 ;    1 ; 3226358254
  2294366827095 ; RT_VR_stringsearch_L ;  3 ;   1 ;  153600000 ;    1 ; 1317372380
  2295688203076 ; RT_VR_stringsearch_L ;  3 ;   1 ;  153600000 ;    1 ; 1048627750
  2200029938588 ;     RT_VR_bitcount_S ;  1 ;   1 ;  189600000 ;    1 ;  852322112
  2200886264272 ;     RT_VR_bitcount_S ;  1 ;   1 ;  189600000 ;    1 ;   10460098
  2200904233538 ;     RT_VR_bitcount_S ;  1 ;   1 ;  189600000 ;    1 ;  951545643
  2201860561744 ;     RT_VR_bitcount_S ;  1 ;   1 ;  189600000 ;    1 ; 2410299984
  2204275617215 ;     RT_VR_bitcount_S ;  1 ;   1 ;  189600000 ;    1 ; 3121188086
  2207400809494 ;     RT_VR_bitcount_S ;  1 ;   1 ;  189600000 ;    1 ; 4578765802
  2211983578933 ;     RT_VR_bitcount_S ;  1 ;   1 ;  189600000 ;    1 ; 4457239350
  2216445588332 ;     RT_VR_bitcount_S ;  1 ;   1 ;  189600000 ;    1 ; 4567229594
  2221016821729 ;     RT_VR_bitcount_S ;  1 ;   1 ;  189600000 ;    1 ; 2634119728
  2223654944850 ;     RT_VR_bitcount_S ;  1 ;   1 ;  189600000 ;    1 ;  435881978
  2224096294118 ;     RT_VR_bitcount_S ;  1 ;   1 ;  189600000 ;    1 ; 1192433392
  2225293530953 ;     RT_VR_bitcount_S ;  1 ;   1 ;  189600000 ;    1 ; 1258014093
  2226556314030 ;     RT_VR_bitcount_S ;  1 ;   1 ;  189600000 ;    1 ; 1254925176
  2227816014945 ;     RT_VR_bitcount_S ;  1 ;   1 ;  189600000 ;    1 ; 1200455797
  2229021267932 ;     RT_VR_bitcount_S ;  1 ;   1 ;  189600000 ;    1 ; 1159733915
  2230185804101 ;     RT_VR_bitcount_S ;  1 ;   1 ;  189600000 ;    1 ; 2249929766
  2232440490239 ;     RT_VR_bitcount_S ;  1 ;   1 ;  189600000 ;    1 ; 3173101343
  2235617595263 ;     RT_VR_bitcount_S ;  1 ;   1 ;  189600000 ;    1 ; 1412673481
  2237035034786 ;     RT_VR_bitcount_S ;  1 ;   1 ;  189600000 ;    1 ; 1230049934
  2238269887607 ;     RT_VR_bitcount_S ;  1 ;   1 ;  189600000 ;    1 ; 1185310996
  2239459965363 ;     RT_VR_bitcount_S ;  1 ;   1 ;  189600000 ;    1 ; 1171572169
  2240636309414 ;     RT_VR_bitcount_S ;  1 ;   1 ;  189600000 ;    1 ; 1263089946
  2241904157970 ;     RT_VR_bitcount_S ;  1 ;   1 ;  189600000 ;    1 ; 1267076532
  2243176181072 ;     RT_VR_bitcount_S ;  1 ;   1 ;  189600000 ;    1 ; 1186575812
  2244367533892 ;     RT_VR_bitcount_S ;  1 ;   1 ;  189600000 ;    1 ; 3296447904
  2247667984964 ;     RT_VR_bitcount_S ;  1 ;   1 ;  189600000 ;    1 ; 1311920992
  2248984685235 ;     RT_VR_bitcount_S ;  1 ;   1 ;  189600000 ;    1 ; 1205068037
  2250193756255 ;     RT_VR_bitcount_S ;  1 ;   1 ;  189600000 ;    1 ; 1328789505
  2251527312839 ;     RT_VR_bitcount_S ;  1 ;   1 ;  189600000 ;    1 ; 1349727708
  2252881833808 ;     RT_VR_bitcount_S ;  1 ;   1 ;  189600000 ;    1 ; 1205991382
  2254092600150 ;     RT_VR_bitcount_S ;  1 ;   1 ;  189600000 ;    1 ; 1173938134
  2255271306652 ;     RT_VR_bitcount_S ;  1 ;   1 ;  189600000 ;    1 ; 1096182604
  2256372268285 ;     RT_VR_bitcount_S ;  1 ;   1 ;  189600000 ;    1 ; 2936016308
  2259312288173 ;     RT_VR_bitcount_S ;  1 ;   1 ;  189600000 ;    1 ; 4521091284
  2263838143674 ;     RT_VR_bitcount_S ;  1 ;   1 ;  189600000 ;    1 ; 5658400083
  2269500547667 ;     RT_VR_bitcount_S ;  1 ;   1 ;  189600000 ;    1 ; 1573725331
  2271081773822 ;     RT_VR_bitcount_S ;  1 ;   1 ;  189600000 ;    1 ; 1199343803
  2272285908152 ;     RT_VR_bitcount_S ;  1 ;   1 ;  189600000 ;    1 ; 1249426188
  2273540080947 ;     RT_VR_bitcount_S ;  1 ;   1 ;  189600000 ;    1 ; 1239383384
  2274784237074 ;     RT_VR_bitcount_S ;  1 ;   1 ;  189600000 ;    1 ; 1200707400
  2275989734635 ;     RT_VR_bitcount_S ;  1 ;   1 ;  189600000 ;    1 ; 1139046061
  2277133572288 ;     RT_VR_bitcount_S ;  1 ;   1 ;  189600000 ;    1 ; 1148768806
  2278287098945 ;     RT_VR_bitcount_S ;  1 ;   1 ;  189600000 ;    1 ; 1116355579
  2279408216075 ;     RT_VR_bitcount_S ;  1 ;   1 ;  189600000 ;    1 ; 2432299051
  2281844518830 ;     RT_VR_bitcount_S ;  1 ;   1 ;  189600000 ;    1 ;  686550559
  2282538530030 ;     RT_VR_bitcount_S ;  1 ;   1 ;  189600000 ;    1 ; 1312555310
  2283855841408 ;     RT_VR_bitcount_S ;  1 ;   1 ;  189600000 ;    1 ; 1220113291
  2285080726426 ;     RT_VR_bitcount_S ;  1 ;   1 ;  189600000 ;    1 ; 1185930495
  2286271425626 ;     RT_VR_bitcount_S ;  1 ;   1 ;  189600000 ;    1 ; 1165233501
  2287441451067 ;     RT_VR_bitcount_S ;  1 ;   1 ;  189600000 ;    1 ; 1257294070
  2288703503310 ;     RT_VR_bitcount_S ;  1 ;   1 ;  189600000 ;    1 ; 1251004509
  2289959274543 ;     RT_VR_bitcount_S ;  1 ;   1 ;  189600000 ;    1 ; 1172403169
  2291136456288 ;     RT_VR_bitcount_S ;  1 ;   1 ;  189600000 ;    1 ; 3225594789
  2294366054487 ;     RT_VR_bitcount_S ;  1 ;   1 ;  189600000 ;    1 ; 1317362478
  2295688194757 ;     RT_VR_bitcount_S ;  1 ;   1 ;  189600000 ;    1 ; 1047871776
  2200029936838 ;          RT_VR_gsm_L ;  4 ;   1 ; 1788000128 ;    1 ;  671706839
  2200705650866 ;          RT_VR_gsm_L ;  4 ;   1 ; 1788000128 ;    1 ;  173234833
  2200889773260 ;          RT_VR_gsm_L ;  4 ;   1 ; 1788000128 ;    1 ;  958115054
  2201851894369 ;          RT_VR_gsm_L ;  4 ;   1 ; 1788000128 ;    1 ; 2411200155
  2204267099980 ;          RT_VR_gsm_L ;  4 ;   1 ; 1788000128 ;    1 ; 1428598687
  2205699705344 ;          RT_VR_gsm_L ;  4 ;   1 ; 1788000128 ;    1 ; 1695976920
  2207401779067 ;          RT_VR_gsm_L ;  4 ;   1 ; 1788000128 ;    1 ; 1440107676
  2208845892920 ;          RT_VR_gsm_L ;  4 ;   1 ; 1788000128 ;    1 ; 1689845319
  2210539743286 ;          RT_VR_gsm_L ;  4 ;   1 ; 1788000128 ;    1 ; 1439649745
  2211987220352 ;          RT_VR_gsm_L ;  4 ;   1 ; 1788000128 ;    1 ; 4319981834
  2216311207771 ;          RT_VR_gsm_L ;  4 ;   1 ; 1788000128 ;    1 ; 3256264242
  2219571477717 ;          RT_VR_gsm_L ;  4 ;   1 ; 1788000128 ;    1 ; 1440332140
  2221017793686 ;          RT_VR_gsm_L ;  4 ;   1 ; 1788000128 ;    1 ;  935072079
  2221956871219 ;          RT_VR_gsm_L ;  4 ;   1 ; 1788000128 ;    1 ; 1692141096
  2223654939467 ;          RT_VR_gsm_L ;  4 ;   1 ; 1788000128 ;    1 ;  425267667
  2224084214228 ;          RT_VR_gsm_L ;  4 ;   1 ; 1788000128 ;    1 ; 1196677856
  2225284897368 ;          RT_VR_gsm_L ;  4 ;   1 ; 1788000128 ;    1 ; 1258905947
  2226547809152 ;          RT_VR_gsm_L ;  4 ;   1 ; 1788000128 ;    1 ; 1255475783
  2227807290189 ;          RT_VR_gsm_L ;  4 ;   1 ; 1788000128 ;    1 ; 1201410702
  2229012706232 ;          RT_VR_gsm_L ;  4 ;   1 ; 1788000128 ;    1 ; 1160462392
  2230177174721 ;          RT_VR_gsm_L ;  4 ;   1 ; 1788000128 ;    1 ; 2250814299
  2232431995051 ;          RT_VR_gsm_L ;  4 ;   1 ; 1788000128 ;    1 ; 1990358321
  2234426358886 ;          RT_VR_gsm_L ;  4 ;   1 ; 1788000128 ;    1 ; 1186410737
  2235618359377 ;          RT_VR_gsm_L ;  4 ;   1 ; 1788000128 ;    1 ; 1404105745
  2237026470551 ;          RT_VR_gsm_L ;  4 ;   1 ; 1788000128 ;    1 ; 1230652858
  2238261129055 ;          RT_VR_gsm_L ;  4 ;   1 ; 1788000128 ;    1 ; 1186295988
  2239451430905 ;          RT_VR_gsm_L ;  4 ;   1 ; 1788000128 ;    1 ; 1172377765
  2240627814175 ;          RT_VR_gsm_L ;  4 ;   1 ; 1788000128 ;    1 ; 1263819580
  2241895639466 ;          RT_VR_gsm_L ;  4 ;   1 ; 1788000128 ;    1 ; 1267769655
  2243167414769 ;          RT_VR_gsm_L ;  4 ;   1 ; 1788000128 ;    1 ; 1187550004
  2244358970227 ;          RT_VR_gsm_L ;  4 ;   1 ; 1788000128 ;    1 ; 1862092525
  2246225070086 ;          RT_VR_gsm_L ;  4 ;   1 ; 1788000128 ;    1 ; 1437715853
  2247668756651 ;          RT_VR_gsm_L ;  4 ;   1 ; 1788000128 ;    1 ; 1175899421
  2248848661359 ;          RT_VR_gsm_L ;  4 ;   1 ; 1788000128 ;    1 ; 1158884573
  2250011550704 ;          RT_VR_gsm_L ;  4 ;   1 ; 1788000128 ;    1 ;  177602743
  2250194511226 ;          RT_VR_gsm_L ;  4 ;   1 ; 1788000128 ;    1 ; 1320255513
  2251518771884 ;          RT_VR_gsm_L ;  4 ;   1 ; 1788000128 ;    1 ; 1350442944
  2252873219980 ;          RT_VR_gsm_L ;  4 ;   1 ; 1788000128 ;    1 ; 1206672396
  2254083898922 ;          RT_VR_gsm_L ;  4 ;   1 ; 1788000128 ;    1 ; 1174713499
  2255262618159 ;          RT_VR_gsm_L ;  4 ;   1 ; 1788000128 ;    1 ; 1097114429
  2256363738235 ;          RT_VR_gsm_L ;  4 ;   1 ; 1788000128 ;    1 ; 1752800651
  2258120544348 ;          RT_VR_gsm_L ;  4 ;   1 ; 1788000128 ;    1 ; 1186748325
  2259313082733 ;          RT_VR_gsm_L ;  4 ;   1 ; 1788000128 ;    1 ; 4512489103
  2263829577547 ;          RT_VR_gsm_L ;  4 ;   1 ; 1788000128 ;    1 ; 3973088833
  2267806672188 ;          RT_VR_gsm_L ;  4 ;   1 ; 1788000128 ;    1 ; 1688495791
  2269501358403 ;          RT_VR_gsm_L ;  4 ;   1 ; 1788000128 ;    1 ; 1434034302
  2270939397826 ;          RT_VR_gsm_L ;  4 ;   1 ; 1788000128 ;    1 ; 1207591480
  2272150995175 ;          RT_VR_gsm_L ;  4 ;   1 ; 1788000128 ;    1 ; 1250455733
  2273405456599 ;          RT_VR_gsm_L ;  4 ;   1 ; 1788000128 ;    1 ; 1239782141
  2274649243634 ;          RT_VR_gsm_L ;  4 ;   1 ; 1788000128 ;    1 ; 1201515941
  2275854765141 ;          RT_VR_gsm_L ;  4 ;   1 ; 1788000128 ;    1 ; 1139819067
  2276998589507 ;          RT_VR_gsm_L ;  4 ;   1 ; 1788000128 ;    1 ; 1149790612
  2278152385627 ;          RT_VR_gsm_L ;  4 ;   1 ; 1788000128 ;    1 ; 1116868377
  2279273259893 ;          RT_VR_gsm_L ;  4 ;   1 ; 1788000128 ;    1 ;  877666542
  2280154931825 ;          RT_VR_gsm_L ;  4 ;   1 ; 1788000128 ;    1 ; 1684700971
  2281845525840 ;          RT_VR_gsm_L ;  4 ;   1 ; 1788000128 ;    1 ;  677092667
  2282526624285 ;          RT_VR_gsm_L ;  4 ;   1 ; 1788000128 ;    1 ; 1316736654
  2283847366279 ;          RT_VR_gsm_L ;  4 ;   1 ; 1788000128 ;    1 ; 1220888365
  2285072259874 ;          RT_VR_gsm_L ;  4 ;   1 ; 1788000128 ;    1 ; 1186685391
  2286262950507 ;          RT_VR_gsm_L ;  4 ;   1 ; 1788000128 ;    1 ; 1166008892
  2287432964516 ;          RT_VR_gsm_L ;  4 ;   1 ; 1788000128 ;    1 ; 1258063186
  2288695032667 ;          RT_VR_gsm_L ;  4 ;   1 ; 1788000128 ;    1 ; 1251766035
  2289950804272 ;          RT_VR_gsm_L ;  4 ;   1 ; 1788000128 ;    1 ; 1173163687
  2291127973557 ;          RT_VR_gsm_L ;  4 ;   1 ; 1788000128 ;    1 ; 1799787332
  2292931765858 ;          RT_VR_gsm_L ;  4 ;   1 ; 1788000128 ;    1 ; 1429293123
  2294366820268 ;          RT_VR_gsm_L ;  4 ;   1 ; 1788000128 ;    1 ; 1182429819
  2295553257588 ;          RT_VR_gsm_L ;  4 ;   1 ; 1788000128 ;    1 ; 1177355893
  2296740825242 ;          RT_VR_gsm_L ;  4 ;   1 ; 1788000128 ;    1 ;  174727305
  2200029933380 ;    RT_VR_basicmath_L ;  2 ;   1 ; 2592000000 ;    1 ;  242399857
  2200276344449 ;    RT_VR_basicmath_L ;  2 ;   1 ; 2592000000 ;    1 ;  247306926
  2200527657442 ;    RT_VR_basicmath_L ;  2 ;   1 ; 2592000000 ;    1 ; 1146202091
  2201677864344 ;    RT_VR_basicmath_L ;  2 ;   1 ; 2592000000 ;    1 ; 1247263970
  2202929135439 ;    RT_VR_basicmath_L ;  2 ;   1 ; 2592000000 ;    1 ; 1259567890
  2204192707639 ;    RT_VR_basicmath_L ;  2 ;   1 ; 2592000000 ;    1 ; 1079665734
  2205276378224 ;    RT_VR_basicmath_L ;  2 ;   1 ; 2592000000 ;    1 ;  407341241
  2205687725667 ;    RT_VR_basicmath_L ;  2 ;   1 ; 2592000000 ;    1 ;  290188758
  2205981919806 ;    RT_VR_basicmath_L ;  2 ;   1 ; 2592000000 ;    1 ;  275130710
  2206261056004 ;    RT_VR_basicmath_L ;  2 ;   1 ; 2592000000 ;    1 ;  275701485
  2206540764108 ;    RT_VR_basicmath_L ;  2 ;   1 ; 2592000000 ;    1 ;  289714941
  2206834484784 ;    RT_VR_basicmath_L ;  2 ;   1 ; 2592000000 ;    1 ;  271297104
  2207109787576 ;    RT_VR_basicmath_L ;  2 ;   1 ; 2592000000 ;    1 ;  276844222
  2207390637253 ;    RT_VR_basicmath_L ;  2 ;   1 ; 2592000000 ;    1 ;  284637279
  2207679279449 ;    RT_VR_basicmath_L ;  2 ;   1 ; 2592000000 ;    1 ;  274070138
  2207957355035 ;    RT_VR_basicmath_L ;  2 ;   1 ; 2592000000 ;    1 ;  276948731
  2208238308830 ;    RT_VR_basicmath_L ;  2 ;   1 ; 2592000000 ;    1 ;  292531712
  2208534845940 ;    RT_VR_basicmath_L ;  2 ;   1 ; 2592000000 ;    1 ;  276888734
  2208815739933 ;    RT_VR_basicmath_L ;  2 ;   1 ; 2592000000 ;    1 ;  274307997
  2209094056508 ;    RT_VR_basicmath_L ;  2 ;   1 ; 2592000000 ;    1 ;  285554653
  2209383616572 ;    RT_VR_basicmath_L ;  2 ;   1 ; 2592000000 ;    1 ;  276670806
  2209664292793 ;    RT_VR_basicmath_L ;  2 ;   1 ; 2592000000 ;    1 ;  271699932
  2209939998536 ;    RT_VR_basicmath_L ;  2 ;   1 ; 2592000000 ;    1 ;  290504097
  2210234508627 ;    RT_VR_basicmath_L ;  2 ;   1 ; 2592000000 ;    1 ;  274823087
  2210513337170 ;    RT_VR_basicmath_L ;  2 ;   1 ; 2592000000 ;    1 ;  273636493
  2210790980000 ;    RT_VR_basicmath_L ;  2 ;   1 ; 2592000000 ;    1 ;  289854610
  2211084840427 ;    RT_VR_basicmath_L ;  2 ;   1 ; 2592000000 ;    1 ;  271344765
  2211360190797 ;    RT_VR_basicmath_L ;  2 ;   1 ; 2592000000 ;    1 ;  276360670
  2211640557156 ;    RT_VR_basicmath_L ;  2 ;   1 ; 2592000000 ;    1 ;  295619525
  2211940182657 ;    RT_VR_basicmath_L ;  2 ;   1 ; 2592000000 ;    1 ; 4319444125
  2216263631972 ;    RT_VR_basicmath_L ;  2 ;   1 ; 2592000000 ;    1 ; 3008640216
  2219276276769 ;    RT_VR_basicmath_L ;  2 ;   1 ; 2592000000 ;    1 ;  279587264
  2219559869247 ;    RT_VR_basicmath_L ;  2 ;   1 ; 2592000000 ;    1 ;  278124902
  2219841999918 ;    RT_VR_basicmath_L ;  2 ;   1 ; 2592000000 ;    1 ;  271933707
  2220117939467 ;    RT_VR_basicmath_L ;  2 ;   1 ; 2592000000 ;    1 ;  294897541
  2220416842442 ;    RT_VR_basicmath_L ;  2 ;   1 ; 2592000000 ;    1 ;  274476158
  2220695324315 ;    RT_VR_basicmath_L ;  2 ;   1 ; 2592000000 ;    1 ;  272114350
  2220971443884 ;    RT_VR_basicmath_L ;  2 ;   1 ; 2592000000 ;    1 ;  298624887
  2221274075631 ;    RT_VR_basicmath_L ;  2 ;   1 ; 2592000000 ;    1 ;  272718724
  2221550800081 ;    RT_VR_basicmath_L ;  2 ;   1 ; 2592000000 ;    1 ;  352800269
  2221907606566 ;    RT_VR_basicmath_L ;  2 ;   1 ; 2592000000 ;    1 ;  298010007
  2222209623552 ;    RT_VR_basicmath_L ;  2 ;   1 ; 2592000000 ;    1 ;  271888137
  2222485517235 ;    RT_VR_basicmath_L ;  2 ;   1 ; 2592000000 ;    1 ;  278175953
  2222767698512 ;    RT_VR_basicmath_L ;  2 ;   1 ; 2592000000 ;    1 ;  279580803
  2223051285450 ;    RT_VR_basicmath_L ;  2 ;   1 ; 2592000000 ;    1 ;  276438965
  2223331729507 ;    RT_VR_basicmath_L ;  2 ;   1 ; 2592000000 ;    1 ;  274147127
  2223609882826 ;    RT_VR_basicmath_L ;  2 ;   1 ; 2592000000 ;    1 ;  287889602
  2223901779808 ;    RT_VR_basicmath_L ;  2 ;   1 ; 2592000000 ;    1 ; 1205378264
  2225111162971 ;    RT_VR_basicmath_L ;  2 ;   1 ; 2592000000 ;    1 ; 1258900026
  2226374067904 ;    RT_VR_basicmath_L ;  2 ;   1 ; 2592000000 ;    1 ; 1255451880
  2227633524627 ;    RT_VR_basicmath_L ;  2 ;   1 ; 2592000000 ;    1 ; 1201505422
  2228839035127 ;    RT_VR_basicmath_L ;  2 ;   1 ; 2592000000 ;    1 ; 1160127029
  2230003167018 ;    RT_VR_basicmath_L ;  2 ;   1 ; 2592000000 ;    1 ; 1128153354
  2231135325398 ;    RT_VR_basicmath_L ;  2 ;   1 ; 2592000000 ;    1 ; 1229025645
  2232368356006 ;    RT_VR_basicmath_L ;  2 ;   1 ; 2592000000 ;    1 ;  616052489
  2232988413790 ;    RT_VR_basicmath_L ;  2 ;   1 ; 2592000000 ;    1 ;  269619975
  2233262039184 ;    RT_VR_basicmath_L ;  2 ;   1 ; 2592000000 ;    1 ;  278600755
  2233544645391 ;    RT_VR_basicmath_L ;  2 ;   1 ; 2592000000 ;    1 ;  290438153
  2233839089018 ;    RT_VR_basicmath_L ;  2 ;   1 ; 2592000000 ;    1 ;  277032167
  2234120127226 ;    RT_VR_basicmath_L ;  2 ;   1 ; 2592000000 ;    1 ;  274129394
  2234398261971 ;    RT_VR_basicmath_L ;  2 ;   1 ; 2592000000 ;    1 ;  284149453
  2234686417032 ;    RT_VR_basicmath_L ;  2 ;   1 ; 2592000000 ;    1 ;  276912268
  2234967335053 ;    RT_VR_basicmath_L ;  2 ;   1 ; 2592000000 ;    1 ;  272503809
  2235243844733 ;    RT_VR_basicmath_L ;  2 ;   1 ; 2592000000 ;    1 ;  289528931
  2235537378770 ;    RT_VR_basicmath_L ;  2 ;   1 ; 2592000000 ;    1 ; 1311397752
  2236852781221 ;    RT_VR_basicmath_L ;  2 ;   1 ; 2592000000 ;    1 ; 1230225896
  2238087012287 ;    RT_VR_basicmath_L ;  2 ;   1 ; 2592000000 ;    1 ; 1186453537
  2239277470363 ;    RT_VR_basicmath_L ;  2 ;   1 ; 2592000000 ;    1 ; 1171638197
  2240453113867 ;    RT_VR_basicmath_L ;  2 ;   1 ; 2592000000 ;    1 ; 1264782337
  2241721901090 ;    RT_VR_basicmath_L ;  2 ;   1 ; 2592000000 ;    1 ; 1267554602
  2242993460523 ;    RT_VR_basicmath_L ;  2 ;   1 ; 2592000000 ;    1 ; 1187242607
  2244184708286 ;    RT_VR_basicmath_L ;  2 ;   1 ; 2592000000 ;    1 ;  591742943
  2244780456505 ;    RT_VR_basicmath_L ;  2 ;   1 ; 2592000000 ;    1 ;  285586039
  2245070047996 ;    RT_VR_basicmath_L ;  2 ;   1 ; 2592000000 ;    1 ;  277428313
  2245351481986 ;    RT_VR_basicmath_L ;  2 ;   1 ; 2592000000 ;    1 ;  275692009
  2245631179830 ;    RT_VR_basicmath_L ;  2 ;   1 ; 2592000000 ;    1 ;  283710692
  2245918896125 ;    RT_VR_basicmath_L ;  2 ;   1 ; 2592000000 ;    1 ;  278008584
  2246200911707 ;    RT_VR_basicmath_L ;  2 ;   1 ; 2592000000 ;    1 ;  271419484
  2246476337711 ;    RT_VR_basicmath_L ;  2 ;   1 ; 2592000000 ;    1 ;  286559006
  2246766901892 ;    RT_VR_basicmath_L ;  2 ;   1 ; 2592000000 ;    1 ;  275619410
  2247046526811 ;    RT_VR_basicmath_L ;  2 ;   1 ; 2592000000 ;    1 ;  274128701
  2247324661008 ;    RT_VR_basicmath_L ;  2 ;   1 ; 2592000000 ;    1 ;  296676067
  2247625342790 ;    RT_VR_basicmath_L ;  2 ;   1 ; 2592000000 ;    1 ; 1171812462
  2248801159986 ;    RT_VR_basicmath_L ;  2 ;   1 ; 2592000000 ;    1 ; 1214461728
  2250019627102 ;    RT_VR_basicmath_L ;  2 ;   1 ; 2592000000 ;    1 ; 1321024788
  2251344656544 ;    RT_VR_basicmath_L ;  2 ;   1 ; 2592000000 ;    1 ; 1350626666
  2252699287830 ;    RT_VR_basicmath_L ;  2 ;   1 ; 2592000000 ;    1 ; 1207681412
  2253910973952 ;    RT_VR_basicmath_L ;  2 ;   1 ; 2592000000 ;    1 ; 1173896616
  2255088875136 ;    RT_VR_basicmath_L ;  2 ;   1 ; 2592000000 ;    1 ; 1097040982
  2256189921127 ;    RT_VR_basicmath_L ;  2 ;   1 ; 2592000000 ;    1 ;  483368785
  2256677294662 ;    RT_VR_basicmath_L ;  2 ;   1 ; 2592000000 ;    1 ;  278244583
  2256959544642 ;    RT_VR_basicmath_L ;  2 ;   1 ; 2592000000 ;    1 ;  272177622
  2257235727929 ;    RT_VR_basicmath_L ;  2 ;   1 ; 2592000000 ;    1 ;  292847740
  2257532581211 ;    RT_VR_basicmath_L ;  2 ;   1 ; 2592000000 ;    1 ;  273607045
  2257810194285 ;    RT_VR_basicmath_L ;  2 ;   1 ; 2592000000 ;    1 ;  273706927
  2258087907070 ;    RT_VR_basicmath_L ;  2 ;   1 ; 2592000000 ;    1 ;  286316334
  2258378229251 ;    RT_VR_basicmath_L ;  2 ;   1 ; 2592000000 ;    1 ;  272167099
  2258654402258 ;    RT_VR_basicmath_L ;  2 ;   1 ; 2592000000 ;    1 ;  277536307
  2258935943780 ;    RT_VR_basicmath_L ;  2 ;   1 ; 2592000000 ;    1 ;  288589835
  2259228538930 ;    RT_VR_basicmath_L ;  2 ;   1 ; 2592000000 ;    1 ; 4423244575
  2263655788085 ;    RT_VR_basicmath_L ;  2 ;   1 ; 2592000000 ;    1 ; 2709290493
  2266369083814 ;    RT_VR_basicmath_L ;  2 ;   1 ; 2592000000 ;    1 ;  284259024
  2266657349039 ;    RT_VR_basicmath_L ;  2 ;   1 ; 2592000000 ;    1 ;  278371376
  2266939725843 ;    RT_VR_basicmath_L ;  2 ;   1 ; 2592000000 ;    1 ;  272414801
  2267216146444 ;    RT_VR_basicmath_L ;  2 ;   1 ; 2592000000 ;    1 ;  291959879
  2267512111583 ;    RT_VR_basicmath_L ;  2 ;   1 ; 2592000000 ;    1 ;  276299961
  2267792416982 ;    RT_VR_basicmath_L ;  2 ;   1 ; 2592000000 ;    1 ;  272585327
  2268069007450 ;    RT_VR_basicmath_L ;  2 ;   1 ; 2592000000 ;    1 ;  288165542
  2268361178862 ;    RT_VR_basicmath_L ;  2 ;   1 ; 2592000000 ;    1 ;  274896087
  2268640080585 ;    RT_VR_basicmath_L ;  2 ;   1 ; 2592000000 ;    1 ;  273502679
  2268917588540 ;    RT_VR_basicmath_L ;  2 ;   1 ; 2592000000 ;    1 ;  293029435
  2269214623494 ;    RT_VR_basicmath_L ;  2 ;   1 ; 2592000000 ;    1 ;  272856145
  2269491485936 ;    RT_VR_basicmath_L ;  2 ;   1 ; 2592000000 ;    1 ;  275230598
  2269770721046 ;    RT_VR_basicmath_L ;  2 ;   1 ; 2592000000 ;    1 ;  282755360
  2270057482207 ;    RT_VR_basicmath_L ;  2 ;   1 ; 2592000000 ;    1 ;  273182821
  2270334670717 ;    RT_VR_basicmath_L ;  2 ;   1 ; 2592000000 ;    1 ;  276041115
  2270614717055 ;    RT_VR_basicmath_L ;  2 ;   1 ; 2592000000 ;    1 ;  288179854
  2270906902830 ;    RT_VR_basicmath_L ;  2 ;   1 ; 2592000000 ;    1 ; 1192608626
  2272103516872 ;    RT_VR_basicmath_L ;  2 ;   1 ; 2592000000 ;    1 ; 1250633925
  2273358155378 ;    RT_VR_basicmath_L ;  2 ;   1 ; 2592000000 ;    1 ; 1239662943
  2274601823297 ;    RT_VR_basicmath_L ;  2 ;   1 ; 2592000000 ;    1 ; 1201456022
  2275807284641 ;    RT_VR_basicmath_L ;  2 ;   1 ; 2592000000 ;    1 ; 1139842117
  2276951131516 ;    RT_VR_basicmath_L ;  2 ;   1 ; 2592000000 ;    1 ; 1149583158
  2278104719647 ;    RT_VR_basicmath_L ;  2 ;   1 ; 2592000000 ;    1 ; 1116633225
  2279225358070 ;    RT_VR_basicmath_L ;  2 ;   1 ; 2592000000 ;    1 ;  628916258
  2279858279649 ;    RT_VR_basicmath_L ;  2 ;   1 ; 2592000000 ;    1 ;  270216569
  2280132501676 ;    RT_VR_basicmath_L ;  2 ;   1 ; 2592000000 ;    1 ;  273416522
  2280409924232 ;    RT_VR_basicmath_L ;  2 ;   1 ; 2592000000 ;    1 ;  294139507
  2280708069539 ;    RT_VR_basicmath_L ;  2 ;   1 ; 2592000000 ;    1 ;  277327732
  2280989404160 ;    RT_VR_basicmath_L ;  2 ;   1 ; 2592000000 ;    1 ;  270358326
  2281263768333 ;    RT_VR_basicmath_L ;  2 ;   1 ; 2592000000 ;    1 ;  276207492
  2281543981996 ;    RT_VR_basicmath_L ;  2 ;   1 ; 2592000000 ;    1 ;  275044760
  2281823032321 ;    RT_VR_basicmath_L ;  2 ;   1 ; 2592000000 ;    1 ;  271891770
  2282098928291 ;    RT_VR_basicmath_L ;  2 ;   1 ; 2592000000 ;    1 ;  292966526
  2282395900479 ;    RT_VR_basicmath_L ;  2 ;   1 ; 2592000000 ;    1 ; 1273809214
  2283673715216 ;    RT_VR_basicmath_L ;  2 ;   1 ; 2592000000 ;    1 ; 1221190825
  2284898910916 ;    RT_VR_basicmath_L ;  2 ;   1 ; 2592000000 ;    1 ; 1186613486
  2286089529519 ;    RT_VR_basicmath_L ;  2 ;   1 ; 2592000000 ;    1 ; 1165572037
  2287259106770 ;    RT_VR_basicmath_L ;  2 ;   1 ; 2592000000 ;    1 ; 1258669310
  2288521781557 ;    RT_VR_basicmath_L ;  2 ;   1 ; 2592000000 ;    1 ; 1251381884
  2289777168534 ;    RT_VR_basicmath_L ;  2 ;   1 ; 2592000000 ;    1 ; 1172814434
  2290953988042 ;    RT_VR_basicmath_L ;  2 ;   1 ; 2592000000 ;    1 ;  546487275
  2291504480124 ;    RT_VR_basicmath_L ;  2 ;   1 ; 2592000000 ;    1 ;  280141233
  2291788626608 ;    RT_VR_basicmath_L ;  2 ;   1 ; 2592000000 ;    1 ;  271535394
  2292064167734 ;    RT_VR_basicmath_L ;  2 ;   1 ; 2592000000 ;    1 ;  275573029
  2292343746490 ;    RT_VR_basicmath_L ;  2 ;   1 ; 2592000000 ;    1 ;  286694685
  2292634446754 ;    RT_VR_basicmath_L ;  2 ;   1 ; 2592000000 ;    1 ;  274560660
  2292913012505 ;    RT_VR_basicmath_L ;  2 ;   1 ; 2592000000 ;    1 ;  275457160
  2293192475443 ;    RT_VR_basicmath_L ;  2 ;   1 ; 2592000000 ;    1 ;  280795580
  2293477276279 ;    RT_VR_basicmath_L ;  2 ;   1 ; 2592000000 ;    1 ;  277052713
  2293758334539 ;    RT_VR_basicmath_L ;  2 ;   1 ; 2592000000 ;    1 ;  271201393
  2294033541550 ;    RT_VR_basicmath_L ;  2 ;   1 ; 2592000000 ;    1 ;  294680441
  2294332227411 ;    RT_VR_basicmath_L ;  2 ;   1 ; 2592000000 ;    1 ; 1169554232
  2295505787182 ;    RT_VR_basicmath_L ;  2 ;   1 ; 2592000000 ;    1 ; 1228826972
